"","#","Name","type_1","type_2","Total","HP","Attack","Defense","Sp. Atk","Sp. Def","Speed"
"1",1,"Bulbasaur","Grass","Poison",318,45,49,49,65,65,45
"2",2,"Ivysaur","Grass","Poison",405,60,62,63,80,80,60
"3",3,"Venusaur","Grass","Poison",525,80,82,83,100,100,80
"4",3,"Venusaur Mega Venusaur","Grass","Poison",625,80,100,123,122,120,80
"5",4,"Charmander","Fire",NA,309,39,52,43,60,50,65
"6",5,"Charmeleon","Fire",NA,405,58,64,58,80,65,80
"7",6,"Charizard","Fire","Flying",534,78,84,78,109,85,100
"8",6,"Charizard Mega Charizard X","Fire","Dragon",634,78,130,111,130,85,100
"9",6,"Charizard Mega Charizard Y","Fire","Flying",634,78,104,78,159,115,100
"10",7,"Squirtle","Water",NA,314,44,48,65,50,64,43
"11",8,"Wartortle","Water",NA,405,59,63,80,65,80,58
"12",9,"Blastoise","Water",NA,530,79,83,100,85,105,78
"13",9,"Blastoise Mega Blastoise","Water",NA,630,79,103,120,135,115,78
"14",10,"Caterpie","Bug",NA,195,45,30,35,20,20,45
"15",11,"Metapod","Bug",NA,205,50,20,55,25,25,30
"16",12,"Butterfree","Bug","Flying",395,60,45,50,90,80,70
"17",13,"Weedle","Bug","Poison",195,40,35,30,20,20,50
"18",14,"Kakuna","Bug","Poison",205,45,25,50,25,25,35
"19",15,"Beedrill","Bug","Poison",395,65,90,40,45,80,75
"20",15,"Beedrill Mega Beedrill","Bug","Poison",495,65,150,40,15,80,145
"21",16,"Pidgey","Normal","Flying",251,40,45,40,35,35,56
"22",17,"Pidgeotto","Normal","Flying",349,63,60,55,50,50,71
"23",18,"Pidgeot","Normal","Flying",479,83,80,75,70,70,101
"24",18,"Pidgeot Mega Pidgeot","Normal","Flying",579,83,80,80,135,80,121
"25",19,"Rattata","Normal",NA,253,30,56,35,25,35,72
"26",19,"Rattata Alolan Rattata","Dark","Normal",253,30,56,35,25,35,72
"27",20,"Raticate","Normal",NA,413,55,81,60,50,70,97
"28",20,"Raticate Alolan Raticate","Dark","Normal",413,75,71,70,40,80,77
"29",21,"Spearow","Normal","Flying",262,40,60,30,31,31,70
"30",22,"Fearow","Normal","Flying",442,65,90,65,61,61,100
"31",23,"Ekans","Poison",NA,288,35,60,44,40,54,55
"32",24,"Arbok","Poison",NA,448,60,95,69,65,79,80
"33",25,"Pikachu","Electric",NA,320,35,55,40,50,50,90
"34",25,"Pikachu Partner Pikachu","Electric",NA,430,45,80,50,75,60,120
"35",26,"Raichu","Electric",NA,485,60,90,55,90,80,110
"36",26,"Raichu Alolan Raichu","Electric","Psychic",485,60,85,50,95,85,110
"37",27,"Sandshrew","Ground",NA,300,50,75,85,20,30,40
"38",27,"Sandshrew Alolan Sandshrew","Ice","Steel",300,50,75,90,10,35,40
"39",28,"Sandslash","Ground",NA,450,75,100,110,45,55,65
"40",28,"Sandslash Alolan Sandslash","Ice","Steel",450,75,100,120,25,65,65
"41",29,"Nidoran♀","Poison",NA,275,55,47,52,40,40,41
"42",30,"Nidorina","Poison",NA,365,70,62,67,55,55,56
"43",31,"Nidoqueen","Poison","Ground",505,90,92,87,75,85,76
"44",32,"Nidoran♂","Poison",NA,273,46,57,40,40,40,50
"45",33,"Nidorino","Poison",NA,365,61,72,57,55,55,65
"46",34,"Nidoking","Poison","Ground",505,81,102,77,85,75,85
"47",35,"Clefairy","Fairy",NA,323,70,45,48,60,65,35
"48",36,"Clefable","Fairy",NA,483,95,70,73,95,90,60
"49",37,"Vulpix","Fire",NA,299,38,41,40,50,65,65
"50",37,"Vulpix Alolan Vulpix","Ice",NA,299,38,41,40,50,65,65
"51",38,"Ninetales","Fire",NA,505,73,76,75,81,100,100
"52",38,"Ninetales Alolan Ninetales","Ice","Fairy",505,73,67,75,81,100,109
"53",39,"Jigglypuff","Normal","Fairy",270,115,45,20,45,25,20
"54",40,"Wigglytuff","Normal","Fairy",435,140,70,45,85,50,45
"55",41,"Zubat","Poison","Flying",245,40,45,35,30,40,55
"56",42,"Golbat","Poison","Flying",455,75,80,70,65,75,90
"57",43,"Oddish","Grass","Poison",320,45,50,55,75,65,30
"58",44,"Gloom","Grass","Poison",395,60,65,70,85,75,40
"59",45,"Vileplume","Grass","Poison",490,75,80,85,110,90,50
"60",46,"Paras","Bug","Grass",285,35,70,55,45,55,25
"61",47,"Parasect","Bug","Grass",405,60,95,80,60,80,30
"62",48,"Venonat","Bug","Poison",305,60,55,50,40,55,45
"63",49,"Venomoth","Bug","Poison",450,70,65,60,90,75,90
"64",50,"Diglett","Ground",NA,265,10,55,25,35,45,95
"65",50,"Diglett Alolan Diglett","Ground","Steel",265,10,55,30,35,45,90
"66",51,"Dugtrio","Ground",NA,425,35,100,50,50,70,120
"67",51,"Dugtrio Alolan Dugtrio","Ground","Steel",425,35,100,60,50,70,110
"68",52,"Meowth","Normal",NA,290,40,45,35,40,40,90
"69",52,"Meowth Alolan Meowth","Dark",NA,290,40,35,35,50,40,90
"70",52,"Meowth Galarian Meowth","Steel",NA,290,50,65,55,40,40,40
"71",53,"Persian","Normal",NA,440,65,70,60,65,65,115
"72",53,"Persian Alolan Persian","Dark",NA,440,65,60,60,75,65,115
"73",54,"Psyduck","Water",NA,320,50,52,48,65,50,55
"74",55,"Golduck","Water",NA,500,80,82,78,95,80,85
"75",56,"Mankey","Fighting",NA,305,40,80,35,35,45,70
"76",57,"Primeape","Fighting",NA,455,65,105,60,60,70,95
"77",58,"Growlithe","Fire",NA,350,55,70,45,70,50,60
"78",58,"Growlithe Hisuian Growlithe","Fire","Rock",350,60,75,45,65,50,55
"79",59,"Arcanine","Fire",NA,555,90,110,80,100,80,95
"80",59,"Arcanine Hisuian Arcanine","Fire","Rock",555,95,115,80,95,80,90
"81",60,"Poliwag","Water",NA,300,40,50,40,40,40,90
"82",61,"Poliwhirl","Water",NA,385,65,65,65,50,50,90
"83",62,"Poliwrath","Water","Fighting",510,90,95,95,70,90,70
"84",63,"Abra","Psychic",NA,310,25,20,15,105,55,90
"85",64,"Kadabra","Psychic",NA,400,40,35,30,120,70,105
"86",65,"Alakazam","Psychic",NA,500,55,50,45,135,95,120
"87",65,"Alakazam Mega Alakazam","Psychic",NA,600,55,50,65,175,105,150
"88",66,"Machop","Fighting",NA,305,70,80,50,35,35,35
"89",67,"Machoke","Fighting",NA,405,80,100,70,50,60,45
"90",68,"Machamp","Fighting",NA,505,90,130,80,65,85,55
"91",69,"Bellsprout","Grass","Poison",300,50,75,35,70,30,40
"92",70,"Weepinbell","Grass","Poison",390,65,90,50,85,45,55
"93",71,"Victreebel","Grass","Poison",490,80,105,65,100,70,70
"94",72,"Tentacool","Water","Poison",335,40,40,35,50,100,70
"95",73,"Tentacruel","Water","Poison",515,80,70,65,80,120,100
"96",74,"Geodude","Rock","Ground",300,40,80,100,30,30,20
"97",74,"Geodude Alolan Geodude","Rock","Electric",300,40,80,100,30,30,20
"98",75,"Graveler","Rock","Ground",390,55,95,115,45,45,35
"99",75,"Graveler Alolan Graveler","Rock","Electric",390,55,95,115,45,45,35
"100",76,"Golem","Rock","Ground",495,80,120,130,55,65,45
"101",76,"Golem Alolan Golem","Rock","Electric",495,80,120,130,55,65,45
"102",77,"Ponyta","Fire",NA,410,50,85,55,65,65,90
"103",77,"Ponyta Galarian Ponyta","Psychic",NA,410,50,85,55,65,65,90
"104",78,"Rapidash","Fire",NA,500,65,100,70,80,80,105
"105",78,"Rapidash Galarian Rapidash","Psychic","Fairy",500,65,100,70,80,80,105
"106",79,"Slowpoke","Water","Psychic",315,90,65,65,40,40,15
"107",79,"Slowpoke Galarian Slowpoke","Psychic",NA,315,90,65,65,40,40,15
"108",80,"Slowbro","Water","Psychic",490,95,75,110,100,80,30
"109",80,"Slowbro Mega Slowbro","Water","Psychic",590,95,75,180,130,80,30
"110",80,"Slowbro Galarian Slowbro","Poison","Psychic",490,95,100,95,100,70,30
"111",81,"Magnemite","Electric","Steel",325,25,35,70,95,55,45
"112",82,"Magneton","Electric","Steel",465,50,60,95,120,70,70
"113",83,"Farfetch'd","Normal","Flying",377,52,90,55,58,62,60
"114",83,"Farfetch'd Galarian Farfetch'd","Fighting",NA,377,52,95,55,58,62,55
"115",84,"Doduo","Normal","Flying",310,35,85,45,35,35,75
"116",85,"Dodrio","Normal","Flying",470,60,110,70,60,60,110
"117",86,"Seel","Water",NA,325,65,45,55,45,70,45
"118",87,"Dewgong","Water","Ice",475,90,70,80,70,95,70
"119",88,"Grimer","Poison",NA,325,80,80,50,40,50,25
"120",88,"Grimer Alolan Grimer","Poison","Dark",325,80,80,50,40,50,25
"121",89,"Muk","Poison",NA,500,105,105,75,65,100,50
"122",89,"Muk Alolan Muk","Poison","Dark",500,105,105,75,65,100,50
"123",90,"Shellder","Water",NA,305,30,65,100,45,25,40
"124",91,"Cloyster","Water","Ice",525,50,95,180,85,45,70
"125",92,"Gastly","Ghost","Poison",310,30,35,30,100,35,80
"126",93,"Haunter","Ghost","Poison",405,45,50,45,115,55,95
"127",94,"Gengar","Ghost","Poison",500,60,65,60,130,75,110
"128",94,"Gengar Mega Gengar","Ghost","Poison",600,60,65,80,170,95,130
"129",95,"Onix","Rock","Ground",385,35,45,160,30,45,70
"130",96,"Drowzee","Psychic",NA,328,60,48,45,43,90,42
"131",97,"Hypno","Psychic",NA,483,85,73,70,73,115,67
"132",98,"Krabby","Water",NA,325,30,105,90,25,25,50
"133",99,"Kingler","Water",NA,475,55,130,115,50,50,75
"134",100,"Voltorb","Electric",NA,330,40,30,50,55,55,100
"135",100,"Voltorb Hisuian Voltorb","Electric","Grass",330,40,30,50,55,55,100
"136",101,"Electrode","Electric",NA,490,60,50,70,80,80,150
"137",101,"Electrode Hisuian Electrode","Electric","Grass",490,60,50,70,80,80,150
"138",102,"Exeggcute","Grass","Psychic",325,60,40,80,60,45,40
"139",103,"Exeggutor","Grass","Psychic",530,95,95,85,125,75,55
"140",103,"Exeggutor Alolan Exeggutor","Grass","Dragon",530,95,105,85,125,75,45
"141",104,"Cubone","Ground",NA,320,50,50,95,40,50,35
"142",105,"Marowak","Ground",NA,425,60,80,110,50,80,45
"143",105,"Marowak Alolan Marowak","Fire","Ghost",425,60,80,110,50,80,45
"144",106,"Hitmonlee","Fighting",NA,455,50,120,53,35,110,87
"145",107,"Hitmonchan","Fighting",NA,455,50,105,79,35,110,76
"146",108,"Lickitung","Normal",NA,385,90,55,75,60,75,30
"147",109,"Koffing","Poison",NA,340,40,65,95,60,45,35
"148",110,"Weezing","Poison",NA,490,65,90,120,85,70,60
"149",110,"Weezing Galarian Weezing","Poison","Fairy",490,65,90,120,85,70,60
"150",111,"Rhyhorn","Ground","Rock",345,80,85,95,30,30,25
"151",112,"Rhydon","Ground","Rock",485,105,130,120,45,45,40
"152",113,"Chansey","Normal",NA,450,250,5,5,35,105,50
"153",114,"Tangela","Grass",NA,435,65,55,115,100,40,60
"154",115,"Kangaskhan","Normal",NA,490,105,95,80,40,80,90
"155",115,"Kangaskhan Mega Kangaskhan","Normal",NA,590,105,125,100,60,100,100
"156",116,"Horsea","Water",NA,295,30,40,70,70,25,60
"157",117,"Seadra","Water",NA,440,55,65,95,95,45,85
"158",118,"Goldeen","Water",NA,320,45,67,60,35,50,63
"159",119,"Seaking","Water",NA,450,80,92,65,65,80,68
"160",120,"Staryu","Water",NA,340,30,45,55,70,55,85
"161",121,"Starmie","Water","Psychic",520,60,75,85,100,85,115
"162",122,"Mr. Mime","Psychic","Fairy",460,40,45,65,100,120,90
"163",122,"Mr. Mime Galarian Mr. Mime","Ice","Psychic",460,50,65,65,90,90,100
"164",123,"Scyther","Bug","Flying",500,70,110,80,55,80,105
"165",124,"Jynx","Ice","Psychic",455,65,50,35,115,95,95
"166",125,"Electabuzz","Electric",NA,490,65,83,57,95,85,105
"167",126,"Magmar","Fire",NA,495,65,95,57,100,85,93
"168",127,"Pinsir","Bug",NA,500,65,125,100,55,70,85
"169",127,"Pinsir Mega Pinsir","Bug","Flying",600,65,155,120,65,90,105
"170",128,"Tauros","Normal",NA,490,75,100,95,40,70,110
"171",128,"Tauros Combat Breed","Fighting",NA,490,75,110,105,30,70,100
"172",128,"Tauros Blaze Breed","Fighting","Fire",490,75,110,105,30,70,100
"173",128,"Tauros Aqua Breed","Fighting","Water",490,75,110,105,30,70,100
"174",129,"Magikarp","Water",NA,200,20,10,55,15,20,80
"175",130,"Gyarados","Water","Flying",540,95,125,79,60,100,81
"176",130,"Gyarados Mega Gyarados","Water","Dark",640,95,155,109,70,130,81
"177",131,"Lapras","Water","Ice",535,130,85,80,85,95,60
"178",132,"Ditto","Normal",NA,288,48,48,48,48,48,48
"179",133,"Eevee","Normal",NA,325,55,55,50,45,65,55
"180",133,"Eevee Partner Eevee","Normal",NA,435,65,75,70,65,85,75
"181",134,"Vaporeon","Water",NA,525,130,65,60,110,95,65
"182",135,"Jolteon","Electric",NA,525,65,65,60,110,95,130
"183",136,"Flareon","Fire",NA,525,65,130,60,95,110,65
"184",137,"Porygon","Normal",NA,395,65,60,70,85,75,40
"185",138,"Omanyte","Rock","Water",355,35,40,100,90,55,35
"186",139,"Omastar","Rock","Water",495,70,60,125,115,70,55
"187",140,"Kabuto","Rock","Water",355,30,80,90,55,45,55
"188",141,"Kabutops","Rock","Water",495,60,115,105,65,70,80
"189",142,"Aerodactyl","Rock","Flying",515,80,105,65,60,75,130
"190",142,"Aerodactyl Mega Aerodactyl","Rock","Flying",615,80,135,85,70,95,150
"191",143,"Snorlax","Normal",NA,540,160,110,65,65,110,30
"192",144,"Articuno","Ice","Flying",580,90,85,100,95,125,85
"193",144,"Articuno Galarian Articuno","Psychic","Flying",580,90,85,85,125,100,95
"194",145,"Zapdos","Electric","Flying",580,90,90,85,125,90,100
"195",145,"Zapdos Galarian Zapdos","Fighting","Flying",580,90,125,90,85,90,100
"196",146,"Moltres","Fire","Flying",580,90,100,90,125,85,90
"197",146,"Moltres Galarian Moltres","Dark","Flying",580,90,85,90,100,125,90
"198",147,"Dratini","Dragon",NA,300,41,64,45,50,50,50
"199",148,"Dragonair","Dragon",NA,420,61,84,65,70,70,70
"200",149,"Dragonite","Dragon","Flying",600,91,134,95,100,100,80
"201",150,"Mewtwo","Psychic",NA,680,106,110,90,154,90,130
"202",150,"Mewtwo Mega Mewtwo X","Psychic","Fighting",780,106,190,100,154,100,130
"203",150,"Mewtwo Mega Mewtwo Y","Psychic",NA,780,106,150,70,194,120,140
"204",151,"Mew","Psychic",NA,600,100,100,100,100,100,100
"205",152,"Chikorita","Grass",NA,318,45,49,65,49,65,45
"206",153,"Bayleef","Grass",NA,405,60,62,80,63,80,60
"207",154,"Meganium","Grass",NA,525,80,82,100,83,100,80
"208",155,"Cyndaquil","Fire",NA,309,39,52,43,60,50,65
"209",156,"Quilava","Fire",NA,405,58,64,58,80,65,80
"210",157,"Typhlosion","Fire",NA,534,78,84,78,109,85,100
"211",157,"Typhlosion Hisuian Typhlosion","Fire","Ghost",534,73,84,78,119,85,95
"212",158,"Totodile","Water",NA,314,50,65,64,44,48,43
"213",159,"Croconaw","Water",NA,405,65,80,80,59,63,58
"214",160,"Feraligatr","Water",NA,530,85,105,100,79,83,78
"215",161,"Sentret","Normal",NA,215,35,46,34,35,45,20
"216",162,"Furret","Normal",NA,415,85,76,64,45,55,90
"217",163,"Hoothoot","Normal","Flying",262,60,30,30,36,56,50
"218",164,"Noctowl","Normal","Flying",452,100,50,50,86,96,70
"219",165,"Ledyba","Bug","Flying",265,40,20,30,40,80,55
"220",166,"Ledian","Bug","Flying",390,55,35,50,55,110,85
"221",167,"Spinarak","Bug","Poison",250,40,60,40,40,40,30
"222",168,"Ariados","Bug","Poison",400,70,90,70,60,70,40
"223",169,"Crobat","Poison","Flying",535,85,90,80,70,80,130
"224",170,"Chinchou","Water","Electric",330,75,38,38,56,56,67
"225",171,"Lanturn","Water","Electric",460,125,58,58,76,76,67
"226",172,"Pichu","Electric",NA,205,20,40,15,35,35,60
"227",173,"Cleffa","Fairy",NA,218,50,25,28,45,55,15
"228",174,"Igglybuff","Normal","Fairy",210,90,30,15,40,20,15
"229",175,"Togepi","Fairy",NA,245,35,20,65,40,65,20
"230",176,"Togetic","Fairy","Flying",405,55,40,85,80,105,40
"231",177,"Natu","Psychic","Flying",320,40,50,45,70,45,70
"232",178,"Xatu","Psychic","Flying",470,65,75,70,95,70,95
"233",179,"Mareep","Electric",NA,280,55,40,40,65,45,35
"234",180,"Flaaffy","Electric",NA,365,70,55,55,80,60,45
"235",181,"Ampharos","Electric",NA,510,90,75,85,115,90,55
"236",181,"Ampharos Mega Ampharos","Electric","Dragon",610,90,95,105,165,110,45
"237",182,"Bellossom","Grass",NA,490,75,80,95,90,100,50
"238",183,"Marill","Water","Fairy",250,70,20,50,20,50,40
"239",184,"Azumarill","Water","Fairy",420,100,50,80,60,80,50
"240",185,"Sudowoodo","Rock",NA,410,70,100,115,30,65,30
"241",186,"Politoed","Water",NA,500,90,75,75,90,100,70
"242",187,"Hoppip","Grass","Flying",250,35,35,40,35,55,50
"243",188,"Skiploom","Grass","Flying",340,55,45,50,45,65,80
"244",189,"Jumpluff","Grass","Flying",460,75,55,70,55,95,110
"245",190,"Aipom","Normal",NA,360,55,70,55,40,55,85
"246",191,"Sunkern","Grass",NA,180,30,30,30,30,30,30
"247",192,"Sunflora","Grass",NA,425,75,75,55,105,85,30
"248",193,"Yanma","Bug","Flying",390,65,65,45,75,45,95
"249",194,"Wooper","Water","Ground",210,55,45,45,25,25,15
"250",194,"Wooper Paldean Wooper","Poison","Ground",210,55,45,45,25,25,15
"251",195,"Quagsire","Water","Ground",430,95,85,85,65,65,35
"252",196,"Espeon","Psychic",NA,525,65,65,60,130,95,110
"253",197,"Umbreon","Dark",NA,525,95,65,110,60,130,65
"254",198,"Murkrow","Dark","Flying",405,60,85,42,85,42,91
"255",199,"Slowking","Water","Psychic",490,95,75,80,100,110,30
"256",199,"Slowking Galarian Slowking","Poison","Psychic",490,95,65,80,110,110,30
"257",200,"Misdreavus","Ghost",NA,435,60,60,60,85,85,85
"258",201,"Unown","Psychic",NA,336,48,72,48,72,48,48
"259",202,"Wobbuffet","Psychic",NA,405,190,33,58,33,58,33
"260",203,"Girafarig","Normal","Psychic",455,70,80,65,90,65,85
"261",204,"Pineco","Bug",NA,290,50,65,90,35,35,15
"262",205,"Forretress","Bug","Steel",465,75,90,140,60,60,40
"263",206,"Dunsparce","Normal",NA,415,100,70,70,65,65,45
"264",207,"Gligar","Ground","Flying",430,65,75,105,35,65,85
"265",208,"Steelix","Steel","Ground",510,75,85,200,55,65,30
"266",208,"Steelix Mega Steelix","Steel","Ground",610,75,125,230,55,95,30
"267",209,"Snubbull","Fairy",NA,300,60,80,50,40,40,30
"268",210,"Granbull","Fairy",NA,450,90,120,75,60,60,45
"269",211,"Qwilfish","Water","Poison",440,65,95,85,55,55,85
"270",211,"Qwilfish Hisuian Qwilfish","Dark","Poison",440,65,95,85,55,55,85
"271",212,"Scizor","Bug","Steel",500,70,130,100,55,80,65
"272",212,"Scizor Mega Scizor","Bug","Steel",600,70,150,140,65,100,75
"273",213,"Shuckle","Bug","Rock",505,20,10,230,10,230,5
"274",214,"Heracross","Bug","Fighting",500,80,125,75,40,95,85
"275",214,"Heracross Mega Heracross","Bug","Fighting",600,80,185,115,40,105,75
"276",215,"Sneasel","Dark","Ice",430,55,95,55,35,75,115
"277",215,"Sneasel Hisuian Sneasel","Fighting","Poison",430,55,95,55,35,75,115
"278",216,"Teddiursa","Normal",NA,330,60,80,50,50,50,40
"279",217,"Ursaring","Normal",NA,500,90,130,75,75,75,55
"280",218,"Slugma","Fire",NA,250,40,40,40,70,40,20
"281",219,"Magcargo","Fire","Rock",430,60,50,120,90,80,30
"282",220,"Swinub","Ice","Ground",250,50,50,40,30,30,50
"283",221,"Piloswine","Ice","Ground",450,100,100,80,60,60,50
"284",222,"Corsola","Water","Rock",410,65,55,95,65,95,35
"285",222,"Corsola Galarian Corsola","Ghost",NA,410,60,55,100,65,100,30
"286",223,"Remoraid","Water",NA,300,35,65,35,65,35,65
"287",224,"Octillery","Water",NA,480,75,105,75,105,75,45
"288",225,"Delibird","Ice","Flying",330,45,55,45,65,45,75
"289",226,"Mantine","Water","Flying",485,85,40,70,80,140,70
"290",227,"Skarmory","Steel","Flying",465,65,80,140,40,70,70
"291",228,"Houndour","Dark","Fire",330,45,60,30,80,50,65
"292",229,"Houndoom","Dark","Fire",500,75,90,50,110,80,95
"293",229,"Houndoom Mega Houndoom","Dark","Fire",600,75,90,90,140,90,115
"294",230,"Kingdra","Water","Dragon",540,75,95,95,95,95,85
"295",231,"Phanpy","Ground",NA,330,90,60,60,40,40,40
"296",232,"Donphan","Ground",NA,500,90,120,120,60,60,50
"297",233,"Porygon2","Normal",NA,515,85,80,90,105,95,60
"298",234,"Stantler","Normal",NA,465,73,95,62,85,65,85
"299",235,"Smeargle","Normal",NA,250,55,20,35,20,45,75
"300",236,"Tyrogue","Fighting",NA,210,35,35,35,35,35,35
"301",237,"Hitmontop","Fighting",NA,455,50,95,95,35,110,70
"302",238,"Smoochum","Ice","Psychic",305,45,30,15,85,65,65
"303",239,"Elekid","Electric",NA,360,45,63,37,65,55,95
"304",240,"Magby","Fire",NA,365,45,75,37,70,55,83
"305",241,"Miltank","Normal",NA,490,95,80,105,40,70,100
"306",242,"Blissey","Normal",NA,540,255,10,10,75,135,55
"307",243,"Raikou","Electric",NA,580,90,85,75,115,100,115
"308",244,"Entei","Fire",NA,580,115,115,85,90,75,100
"309",245,"Suicune","Water",NA,580,100,75,115,90,115,85
"310",246,"Larvitar","Rock","Ground",300,50,64,50,45,50,41
"311",247,"Pupitar","Rock","Ground",410,70,84,70,65,70,51
"312",248,"Tyranitar","Rock","Dark",600,100,134,110,95,100,61
"313",248,"Tyranitar Mega Tyranitar","Rock","Dark",700,100,164,150,95,120,71
"314",249,"Lugia","Psychic","Flying",680,106,90,130,90,154,110
"315",250,"Ho-oh","Fire","Flying",680,106,130,90,110,154,90
"316",251,"Celebi","Psychic","Grass",600,100,100,100,100,100,100
"317",252,"Treecko","Grass",NA,310,40,45,35,65,55,70
"318",253,"Grovyle","Grass",NA,405,50,65,45,85,65,95
"319",254,"Sceptile","Grass",NA,530,70,85,65,105,85,120
"320",254,"Sceptile Mega Sceptile","Grass","Dragon",630,70,110,75,145,85,145
"321",255,"Torchic","Fire",NA,310,45,60,40,70,50,45
"322",256,"Combusken","Fire","Fighting",405,60,85,60,85,60,55
"323",257,"Blaziken","Fire","Fighting",530,80,120,70,110,70,80
"324",257,"Blaziken Mega Blaziken","Fire","Fighting",630,80,160,80,130,80,100
"325",258,"Mudkip","Water",NA,310,50,70,50,50,50,40
"326",259,"Marshtomp","Water","Ground",405,70,85,70,60,70,50
"327",260,"Swampert","Water","Ground",535,100,110,90,85,90,60
"328",260,"Swampert Mega Swampert","Water","Ground",635,100,150,110,95,110,70
"329",261,"Poochyena","Dark",NA,220,35,55,35,30,30,35
"330",262,"Mightyena","Dark",NA,420,70,90,70,60,60,70
"331",263,"Zigzagoon","Normal",NA,240,38,30,41,30,41,60
"332",263,"Zigzagoon Galarian Zigzagoon","Dark","Normal",240,38,30,41,30,41,60
"333",264,"Linoone","Normal",NA,420,78,70,61,50,61,100
"334",264,"Linoone Galarian Linoone","Dark","Normal",420,78,70,61,50,61,100
"335",265,"Wurmple","Bug",NA,195,45,45,35,20,30,20
"336",266,"Silcoon","Bug",NA,205,50,35,55,25,25,15
"337",267,"Beautifly","Bug","Flying",395,60,70,50,100,50,65
"338",268,"Cascoon","Bug",NA,205,50,35,55,25,25,15
"339",269,"Dustox","Bug","Poison",385,60,50,70,50,90,65
"340",270,"Lotad","Water","Grass",220,40,30,30,40,50,30
"341",271,"Lombre","Water","Grass",340,60,50,50,60,70,50
"342",272,"Ludicolo","Water","Grass",480,80,70,70,90,100,70
"343",273,"Seedot","Grass",NA,220,40,40,50,30,30,30
"344",274,"Nuzleaf","Grass","Dark",340,70,70,40,60,40,60
"345",275,"Shiftry","Grass","Dark",480,90,100,60,90,60,80
"346",276,"Taillow","Normal","Flying",270,40,55,30,30,30,85
"347",277,"Swellow","Normal","Flying",455,60,85,60,75,50,125
"348",278,"Wingull","Water","Flying",270,40,30,30,55,30,85
"349",279,"Pelipper","Water","Flying",440,60,50,100,95,70,65
"350",280,"Ralts","Psychic","Fairy",198,28,25,25,45,35,40
"351",281,"Kirlia","Psychic","Fairy",278,38,35,35,65,55,50
"352",282,"Gardevoir","Psychic","Fairy",518,68,65,65,125,115,80
"353",282,"Gardevoir Mega Gardevoir","Psychic","Fairy",618,68,85,65,165,135,100
"354",283,"Surskit","Bug","Water",269,40,30,32,50,52,65
"355",284,"Masquerain","Bug","Flying",454,70,60,62,100,82,80
"356",285,"Shroomish","Grass",NA,295,60,40,60,40,60,35
"357",286,"Breloom","Grass","Fighting",460,60,130,80,60,60,70
"358",287,"Slakoth","Normal",NA,280,60,60,60,35,35,30
"359",288,"Vigoroth","Normal",NA,440,80,80,80,55,55,90
"360",289,"Slaking","Normal",NA,670,150,160,100,95,65,100
"361",290,"Nincada","Bug","Ground",266,31,45,90,30,30,40
"362",291,"Ninjask","Bug","Flying",456,61,90,45,50,50,160
"363",292,"Shedinja","Bug","Ghost",236,1,90,45,30,30,40
"364",293,"Whismur","Normal",NA,240,64,51,23,51,23,28
"365",294,"Loudred","Normal",NA,360,84,71,43,71,43,48
"366",295,"Exploud","Normal",NA,490,104,91,63,91,73,68
"367",296,"Makuhita","Fighting",NA,237,72,60,30,20,30,25
"368",297,"Hariyama","Fighting",NA,474,144,120,60,40,60,50
"369",298,"Azurill","Normal","Fairy",190,50,20,40,20,40,20
"370",299,"Nosepass","Rock",NA,375,30,45,135,45,90,30
"371",300,"Skitty","Normal",NA,260,50,45,45,35,35,50
"372",301,"Delcatty","Normal",NA,400,70,65,65,55,55,90
"373",302,"Sableye","Dark","Ghost",380,50,75,75,65,65,50
"374",302,"Sableye Mega Sableye","Dark","Ghost",480,50,85,125,85,115,20
"375",303,"Mawile","Steel","Fairy",380,50,85,85,55,55,50
"376",303,"Mawile Mega Mawile","Steel","Fairy",480,50,105,125,55,95,50
"377",304,"Aron","Steel","Rock",330,50,70,100,40,40,30
"378",305,"Lairon","Steel","Rock",430,60,90,140,50,50,40
"379",306,"Aggron","Steel","Rock",530,70,110,180,60,60,50
"380",306,"Aggron Mega Aggron","Steel",NA,630,70,140,230,60,80,50
"381",307,"Meditite","Fighting","Psychic",280,30,40,55,40,55,60
"382",308,"Medicham","Fighting","Psychic",410,60,60,75,60,75,80
"383",308,"Medicham Mega Medicham","Fighting","Psychic",510,60,100,85,80,85,100
"384",309,"Electrike","Electric",NA,295,40,45,40,65,40,65
"385",310,"Manectric","Electric",NA,475,70,75,60,105,60,105
"386",310,"Manectric Mega Manectric","Electric",NA,575,70,75,80,135,80,135
"387",311,"Plusle","Electric",NA,405,60,50,40,85,75,95
"388",312,"Minun","Electric",NA,405,60,40,50,75,85,95
"389",313,"Volbeat","Bug",NA,430,65,73,75,47,85,85
"390",314,"Illumise","Bug",NA,430,65,47,75,73,85,85
"391",315,"Roselia","Grass","Poison",400,50,60,45,100,80,65
"392",316,"Gulpin","Poison",NA,302,70,43,53,43,53,40
"393",317,"Swalot","Poison",NA,467,100,73,83,73,83,55
"394",318,"Carvanha","Water","Dark",305,45,90,20,65,20,65
"395",319,"Sharpedo","Water","Dark",460,70,120,40,95,40,95
"396",319,"Sharpedo Mega Sharpedo","Water","Dark",560,70,140,70,110,65,105
"397",320,"Wailmer","Water",NA,400,130,70,35,70,35,60
"398",321,"Wailord","Water",NA,500,170,90,45,90,45,60
"399",322,"Numel","Fire","Ground",305,60,60,40,65,45,35
"400",323,"Camerupt","Fire","Ground",460,70,100,70,105,75,40
"401",323,"Camerupt Mega Camerupt","Fire","Ground",560,70,120,100,145,105,20
"402",324,"Torkoal","Fire",NA,470,70,85,140,85,70,20
"403",325,"Spoink","Psychic",NA,330,60,25,35,70,80,60
"404",326,"Grumpig","Psychic",NA,470,80,45,65,90,110,80
"405",327,"Spinda","Normal",NA,360,60,60,60,60,60,60
"406",328,"Trapinch","Ground",NA,290,45,100,45,45,45,10
"407",329,"Vibrava","Ground","Dragon",340,50,70,50,50,50,70
"408",330,"Flygon","Ground","Dragon",520,80,100,80,80,80,100
"409",331,"Cacnea","Grass",NA,335,50,85,40,85,40,35
"410",332,"Cacturne","Grass","Dark",475,70,115,60,115,60,55
"411",333,"Swablu","Normal","Flying",310,45,40,60,40,75,50
"412",334,"Altaria","Dragon","Flying",490,75,70,90,70,105,80
"413",334,"Altaria Mega Altaria","Dragon","Fairy",590,75,110,110,110,105,80
"414",335,"Zangoose","Normal",NA,458,73,115,60,60,60,90
"415",336,"Seviper","Poison",NA,458,73,100,60,100,60,65
"416",337,"Lunatone","Rock","Psychic",460,90,55,65,95,85,70
"417",338,"Solrock","Rock","Psychic",460,90,95,85,55,65,70
"418",339,"Barboach","Water","Ground",288,50,48,43,46,41,60
"419",340,"Whiscash","Water","Ground",468,110,78,73,76,71,60
"420",341,"Corphish","Water",NA,308,43,80,65,50,35,35
"421",342,"Crawdaunt","Water","Dark",468,63,120,85,90,55,55
"422",343,"Baltoy","Ground","Psychic",300,40,40,55,40,70,55
"423",344,"Claydol","Ground","Psychic",500,60,70,105,70,120,75
"424",345,"Lileep","Rock","Grass",355,66,41,77,61,87,23
"425",346,"Cradily","Rock","Grass",495,86,81,97,81,107,43
"426",347,"Anorith","Rock","Bug",355,45,95,50,40,50,75
"427",348,"Armaldo","Rock","Bug",495,75,125,100,70,80,45
"428",349,"Feebas","Water",NA,200,20,15,20,10,55,80
"429",350,"Milotic","Water",NA,540,95,60,79,100,125,81
"430",351,"Castform","Normal",NA,420,70,70,70,70,70,70
"431",351,"Castform Sunny Form","Fire",NA,420,70,70,70,70,70,70
"432",351,"Castform Rainy Form","Water",NA,420,70,70,70,70,70,70
"433",351,"Castform Snowy Form","Ice",NA,420,70,70,70,70,70,70
"434",352,"Kecleon","Normal",NA,440,60,90,70,60,120,40
"435",353,"Shuppet","Ghost",NA,295,44,75,35,63,33,45
"436",354,"Banette","Ghost",NA,455,64,115,65,83,63,65
"437",354,"Banette Mega Banette","Ghost",NA,555,64,165,75,93,83,75
"438",355,"Duskull","Ghost",NA,295,20,40,90,30,90,25
"439",356,"Dusclops","Ghost",NA,455,40,70,130,60,130,25
"440",357,"Tropius","Grass","Flying",460,99,68,83,72,87,51
"441",358,"Chimecho","Psychic",NA,455,75,50,80,95,90,65
"442",359,"Absol","Dark",NA,465,65,130,60,75,60,75
"443",359,"Absol Mega Absol","Dark",NA,565,65,150,60,115,60,115
"444",360,"Wynaut","Psychic",NA,260,95,23,48,23,48,23
"445",361,"Snorunt","Ice",NA,300,50,50,50,50,50,50
"446",362,"Glalie","Ice",NA,480,80,80,80,80,80,80
"447",362,"Glalie Mega Glalie","Ice",NA,580,80,120,80,120,80,100
"448",363,"Spheal","Ice","Water",290,70,40,50,55,50,25
"449",364,"Sealeo","Ice","Water",410,90,60,70,75,70,45
"450",365,"Walrein","Ice","Water",530,110,80,90,95,90,65
"451",366,"Clamperl","Water",NA,345,35,64,85,74,55,32
"452",367,"Huntail","Water",NA,485,55,104,105,94,75,52
"453",368,"Gorebyss","Water",NA,485,55,84,105,114,75,52
"454",369,"Relicanth","Water","Rock",485,100,90,130,45,65,55
"455",370,"Luvdisc","Water",NA,330,43,30,55,40,65,97
"456",371,"Bagon","Dragon",NA,300,45,75,60,40,30,50
"457",372,"Shelgon","Dragon",NA,420,65,95,100,60,50,50
"458",373,"Salamence","Dragon","Flying",600,95,135,80,110,80,100
"459",373,"Salamence Mega Salamence","Dragon","Flying",700,95,145,130,120,90,120
"460",374,"Beldum","Steel","Psychic",300,40,55,80,35,60,30
"461",375,"Metang","Steel","Psychic",420,60,75,100,55,80,50
"462",376,"Metagross","Steel","Psychic",600,80,135,130,95,90,70
"463",376,"Metagross Mega Metagross","Steel","Psychic",700,80,145,150,105,110,110
"464",377,"Regirock","Rock",NA,580,80,100,200,50,100,50
"465",378,"Regice","Ice",NA,580,80,50,100,100,200,50
"466",379,"Registeel","Steel",NA,580,80,75,150,75,150,50
"467",380,"Latias","Dragon","Psychic",600,80,80,90,110,130,110
"468",380,"Latias Mega Latias","Dragon","Psychic",700,80,100,120,140,150,110
"469",381,"Latios","Dragon","Psychic",600,80,90,80,130,110,110
"470",381,"Latios Mega Latios","Dragon","Psychic",700,80,130,100,160,120,110
"471",382,"Kyogre","Water",NA,670,100,100,90,150,140,90
"472",382,"Kyogre Primal Kyogre","Water",NA,770,100,150,90,180,160,90
"473",383,"Groudon","Ground",NA,670,100,150,140,100,90,90
"474",383,"Groudon Primal Groudon","Ground","Fire",770,100,180,160,150,90,90
"475",384,"Rayquaza","Dragon","Flying",680,105,150,90,150,90,95
"476",384,"Rayquaza Mega Rayquaza","Dragon","Flying",780,105,180,100,180,100,115
"477",385,"Jirachi","Steel","Psychic",600,100,100,100,100,100,100
"478",386,"Deoxys Normal Forme","Psychic",NA,600,50,150,50,150,50,150
"479",386,"Deoxys Attack Forme","Psychic",NA,600,50,180,20,180,20,150
"480",386,"Deoxys Defense Forme","Psychic",NA,600,50,70,160,70,160,90
"481",386,"Deoxys Speed Forme","Psychic",NA,600,50,95,90,95,90,180
"482",387,"Turtwig","Grass",NA,318,55,68,64,45,55,31
"483",388,"Grotle","Grass",NA,405,75,89,85,55,65,36
"484",389,"Torterra","Grass","Ground",525,95,109,105,75,85,56
"485",390,"Chimchar","Fire",NA,309,44,58,44,58,44,61
"486",391,"Monferno","Fire","Fighting",405,64,78,52,78,52,81
"487",392,"Infernape","Fire","Fighting",534,76,104,71,104,71,108
"488",393,"Piplup","Water",NA,314,53,51,53,61,56,40
"489",394,"Prinplup","Water",NA,405,64,66,68,81,76,50
"490",395,"Empoleon","Water","Steel",530,84,86,88,111,101,60
"491",396,"Starly","Normal","Flying",245,40,55,30,30,30,60
"492",397,"Staravia","Normal","Flying",340,55,75,50,40,40,80
"493",398,"Staraptor","Normal","Flying",485,85,120,70,50,60,100
"494",399,"Bidoof","Normal",NA,250,59,45,40,35,40,31
"495",400,"Bibarel","Normal","Water",410,79,85,60,55,60,71
"496",401,"Kricketot","Bug",NA,194,37,25,41,25,41,25
"497",402,"Kricketune","Bug",NA,384,77,85,51,55,51,65
"498",403,"Shinx","Electric",NA,263,45,65,34,40,34,45
"499",404,"Luxio","Electric",NA,363,60,85,49,60,49,60
"500",405,"Luxray","Electric",NA,523,80,120,79,95,79,70
"501",406,"Budew","Grass","Poison",280,40,30,35,50,70,55
"502",407,"Roserade","Grass","Poison",515,60,70,65,125,105,90
"503",408,"Cranidos","Rock",NA,350,67,125,40,30,30,58
"504",409,"Rampardos","Rock",NA,495,97,165,60,65,50,58
"505",410,"Shieldon","Rock","Steel",350,30,42,118,42,88,30
"506",411,"Bastiodon","Rock","Steel",495,60,52,168,47,138,30
"507",412,"Burmy Plant Cloak","Bug",NA,224,40,29,45,29,45,36
"508",412,"Burmy Sandy Cloak","Bug",NA,224,40,29,45,29,45,36
"509",412,"Burmy Trash Cloak","Bug",NA,224,40,29,45,29,45,36
"510",413,"Wormadam Plant Cloak","Bug","Grass",424,60,59,85,79,105,36
"511",413,"Wormadam Sandy Cloak","Bug","Ground",424,60,79,105,59,85,36
"512",413,"Wormadam Trash Cloak","Bug","Steel",424,60,69,95,69,95,36
"513",414,"Mothim","Bug","Flying",424,70,94,50,94,50,66
"514",415,"Combee","Bug","Flying",244,30,30,42,30,42,70
"515",416,"Vespiquen","Bug","Flying",474,70,80,102,80,102,40
"516",417,"Pachirisu","Electric",NA,405,60,45,70,45,90,95
"517",418,"Buizel","Water",NA,330,55,65,35,60,30,85
"518",419,"Floatzel","Water",NA,495,85,105,55,85,50,115
"519",420,"Cherubi","Grass",NA,275,45,35,45,62,53,35
"520",421,"Cherrim","Grass",NA,450,70,60,70,87,78,85
"521",422,"Shellos","Water",NA,325,76,48,48,57,62,34
"522",423,"Gastrodon","Water","Ground",475,111,83,68,92,82,39
"523",424,"Ambipom","Normal",NA,482,75,100,66,60,66,115
"524",425,"Drifloon","Ghost","Flying",348,90,50,34,60,44,70
"525",426,"Drifblim","Ghost","Flying",498,150,80,44,90,54,80
"526",427,"Buneary","Normal",NA,350,55,66,44,44,56,85
"527",428,"Lopunny","Normal",NA,480,65,76,84,54,96,105
"528",428,"Lopunny Mega Lopunny","Normal","Fighting",580,65,136,94,54,96,135
"529",429,"Mismagius","Ghost",NA,495,60,60,60,105,105,105
"530",430,"Honchkrow","Dark","Flying",505,100,125,52,105,52,71
"531",431,"Glameow","Normal",NA,310,49,55,42,42,37,85
"532",432,"Purugly","Normal",NA,452,71,82,64,64,59,112
"533",433,"Chingling","Psychic",NA,285,45,30,50,65,50,45
"534",434,"Stunky","Poison","Dark",329,63,63,47,41,41,74
"535",435,"Skuntank","Poison","Dark",479,103,93,67,71,61,84
"536",436,"Bronzor","Steel","Psychic",300,57,24,86,24,86,23
"537",437,"Bronzong","Steel","Psychic",500,67,89,116,79,116,33
"538",438,"Bonsly","Rock",NA,290,50,80,95,10,45,10
"539",439,"Mime Jr.","Psychic","Fairy",310,20,25,45,70,90,60
"540",440,"Happiny","Normal",NA,220,100,5,5,15,65,30
"541",441,"Chatot","Normal","Flying",411,76,65,45,92,42,91
"542",442,"Spiritomb","Ghost","Dark",485,50,92,108,92,108,35
"543",443,"Gible","Dragon","Ground",300,58,70,45,40,45,42
"544",444,"Gabite","Dragon","Ground",410,68,90,65,50,55,82
"545",445,"Garchomp","Dragon","Ground",600,108,130,95,80,85,102
"546",445,"Garchomp Mega Garchomp","Dragon","Ground",700,108,170,115,120,95,92
"547",446,"Munchlax","Normal",NA,390,135,85,40,40,85,5
"548",447,"Riolu","Fighting",NA,285,40,70,40,35,40,60
"549",448,"Lucario","Fighting","Steel",525,70,110,70,115,70,90
"550",448,"Lucario Mega Lucario","Fighting","Steel",625,70,145,88,140,70,112
"551",449,"Hippopotas","Ground",NA,330,68,72,78,38,42,32
"552",450,"Hippowdon","Ground",NA,525,108,112,118,68,72,47
"553",451,"Skorupi","Poison","Bug",330,40,50,90,30,55,65
"554",452,"Drapion","Poison","Dark",500,70,90,110,60,75,95
"555",453,"Croagunk","Poison","Fighting",300,48,61,40,61,40,50
"556",454,"Toxicroak","Poison","Fighting",490,83,106,65,86,65,85
"557",455,"Carnivine","Grass",NA,454,74,100,72,90,72,46
"558",456,"Finneon","Water",NA,330,49,49,56,49,61,66
"559",457,"Lumineon","Water",NA,460,69,69,76,69,86,91
"560",458,"Mantyke","Water","Flying",345,45,20,50,60,120,50
"561",459,"Snover","Grass","Ice",334,60,62,50,62,60,40
"562",460,"Abomasnow","Grass","Ice",494,90,92,75,92,85,60
"563",460,"Abomasnow Mega Abomasnow","Grass","Ice",594,90,132,105,132,105,30
"564",461,"Weavile","Dark","Ice",510,70,120,65,45,85,125
"565",462,"Magnezone","Electric","Steel",535,70,70,115,130,90,60
"566",463,"Lickilicky","Normal",NA,515,110,85,95,80,95,50
"567",464,"Rhyperior","Ground","Rock",535,115,140,130,55,55,40
"568",465,"Tangrowth","Grass",NA,535,100,100,125,110,50,50
"569",466,"Electivire","Electric",NA,540,75,123,67,95,85,95
"570",467,"Magmortar","Fire",NA,540,75,95,67,125,95,83
"571",468,"Togekiss","Fairy","Flying",545,85,50,95,120,115,80
"572",469,"Yanmega","Bug","Flying",515,86,76,86,116,56,95
"573",470,"Leafeon","Grass",NA,525,65,110,130,60,65,95
"574",471,"Glaceon","Ice",NA,525,65,60,110,130,95,65
"575",472,"Gliscor","Ground","Flying",510,75,95,125,45,75,95
"576",473,"Mamoswine","Ice","Ground",530,110,130,80,70,60,80
"577",474,"Porygon-Z","Normal",NA,535,85,80,70,135,75,90
"578",475,"Gallade","Psychic","Fighting",518,68,125,65,65,115,80
"579",475,"Gallade Mega Gallade","Psychic","Fighting",618,68,165,95,65,115,110
"580",476,"Probopass","Rock","Steel",525,60,55,145,75,150,40
"581",477,"Dusknoir","Ghost",NA,525,45,100,135,65,135,45
"582",478,"Froslass","Ice","Ghost",480,70,80,70,80,70,110
"583",479,"Rotom","Electric","Ghost",440,50,50,77,95,77,91
"584",479,"Rotom Heat Rotom","Electric","Fire",520,50,65,107,105,107,86
"585",479,"Rotom Wash Rotom","Electric","Water",520,50,65,107,105,107,86
"586",479,"Rotom Frost Rotom","Electric","Ice",520,50,65,107,105,107,86
"587",479,"Rotom Fan Rotom","Electric","Flying",520,50,65,107,105,107,86
"588",479,"Rotom Mow Rotom","Electric","Grass",520,50,65,107,105,107,86
"589",480,"Uxie","Psychic",NA,580,75,75,130,75,130,95
"590",481,"Mesprit","Psychic",NA,580,80,105,105,105,105,80
"591",482,"Azelf","Psychic",NA,580,75,125,70,125,70,115
"592",483,"Dialga","Steel","Dragon",680,100,120,120,150,100,90
"593",483,"Dialga Origin Forme","Steel","Dragon",680,100,100,120,150,120,90
"594",484,"Palkia","Water","Dragon",680,90,120,100,150,120,100
"595",484,"Palkia Origin Forme","Water","Dragon",680,90,100,100,150,120,120
"596",485,"Heatran","Fire","Steel",600,91,90,106,130,106,77
"597",486,"Regigigas","Normal",NA,670,110,160,110,80,110,100
"598",487,"Giratina Altered Forme","Ghost","Dragon",680,150,100,120,100,120,90
"599",487,"Giratina Origin Forme","Ghost","Dragon",680,150,120,100,120,100,90
"600",488,"Cresselia","Psychic",NA,580,120,70,110,75,120,85
"601",489,"Phione","Water",NA,480,80,80,80,80,80,80
"602",490,"Manaphy","Water",NA,600,100,100,100,100,100,100
"603",491,"Darkrai","Dark",NA,600,70,90,90,135,90,125
"604",492,"Shaymin Land Forme","Grass",NA,600,100,100,100,100,100,100
"605",492,"Shaymin Sky Forme","Grass","Flying",600,100,103,75,120,75,127
"606",493,"Arceus","Normal",NA,720,120,120,120,120,120,120
"607",494,"Victini","Psychic","Fire",600,100,100,100,100,100,100
"608",495,"Snivy","Grass",NA,308,45,45,55,45,55,63
"609",496,"Servine","Grass",NA,413,60,60,75,60,75,83
"610",497,"Serperior","Grass",NA,528,75,75,95,75,95,113
"611",498,"Tepig","Fire",NA,308,65,63,45,45,45,45
"612",499,"Pignite","Fire","Fighting",418,90,93,55,70,55,55
"613",500,"Emboar","Fire","Fighting",528,110,123,65,100,65,65
"614",501,"Oshawott","Water",NA,308,55,55,45,63,45,45
"615",502,"Dewott","Water",NA,413,75,75,60,83,60,60
"616",503,"Samurott","Water",NA,528,95,100,85,108,70,70
"617",503,"Samurott Hisuian Samurott","Water","Dark",528,90,108,80,100,65,85
"618",504,"Patrat","Normal",NA,255,45,55,39,35,39,42
"619",505,"Watchog","Normal",NA,420,60,85,69,60,69,77
"620",506,"Lillipup","Normal",NA,275,45,60,45,25,45,55
"621",507,"Herdier","Normal",NA,370,65,80,65,35,65,60
"622",508,"Stoutland","Normal",NA,500,85,110,90,45,90,80
"623",509,"Purrloin","Dark",NA,281,41,50,37,50,37,66
"624",510,"Liepard","Dark",NA,446,64,88,50,88,50,106
"625",511,"Pansage","Grass",NA,316,50,53,48,53,48,64
"626",512,"Simisage","Grass",NA,498,75,98,63,98,63,101
"627",513,"Pansear","Fire",NA,316,50,53,48,53,48,64
"628",514,"Simisear","Fire",NA,498,75,98,63,98,63,101
"629",515,"Panpour","Water",NA,316,50,53,48,53,48,64
"630",516,"Simipour","Water",NA,498,75,98,63,98,63,101
"631",517,"Munna","Psychic",NA,292,76,25,45,67,55,24
"632",518,"Musharna","Psychic",NA,487,116,55,85,107,95,29
"633",519,"Pidove","Normal","Flying",264,50,55,50,36,30,43
"634",520,"Tranquill","Normal","Flying",358,62,77,62,50,42,65
"635",521,"Unfezant","Normal","Flying",488,80,115,80,65,55,93
"636",522,"Blitzle","Electric",NA,295,45,60,32,50,32,76
"637",523,"Zebstrika","Electric",NA,497,75,100,63,80,63,116
"638",524,"Roggenrola","Rock",NA,280,55,75,85,25,25,15
"639",525,"Boldore","Rock",NA,390,70,105,105,50,40,20
"640",526,"Gigalith","Rock",NA,515,85,135,130,60,80,25
"641",527,"Woobat","Psychic","Flying",323,65,45,43,55,43,72
"642",528,"Swoobat","Psychic","Flying",425,67,57,55,77,55,114
"643",529,"Drilbur","Ground",NA,328,60,85,40,30,45,68
"644",530,"Excadrill","Ground","Steel",508,110,135,60,50,65,88
"645",531,"Audino","Normal",NA,445,103,60,86,60,86,50
"646",531,"Audino Mega Audino","Normal","Fairy",545,103,60,126,80,126,50
"647",532,"Timburr","Fighting",NA,305,75,80,55,25,35,35
"648",533,"Gurdurr","Fighting",NA,405,85,105,85,40,50,40
"649",534,"Conkeldurr","Fighting",NA,505,105,140,95,55,65,45
"650",535,"Tympole","Water",NA,294,50,50,40,50,40,64
"651",536,"Palpitoad","Water","Ground",384,75,65,55,65,55,69
"652",537,"Seismitoad","Water","Ground",509,105,95,75,85,75,74
"653",538,"Throh","Fighting",NA,465,120,100,85,30,85,45
"654",539,"Sawk","Fighting",NA,465,75,125,75,30,75,85
"655",540,"Sewaddle","Bug","Grass",310,45,53,70,40,60,42
"656",541,"Swadloon","Bug","Grass",380,55,63,90,50,80,42
"657",542,"Leavanny","Bug","Grass",500,75,103,80,70,80,92
"658",543,"Venipede","Bug","Poison",260,30,45,59,30,39,57
"659",544,"Whirlipede","Bug","Poison",360,40,55,99,40,79,47
"660",545,"Scolipede","Bug","Poison",485,60,100,89,55,69,112
"661",546,"Cottonee","Grass","Fairy",280,40,27,60,37,50,66
"662",547,"Whimsicott","Grass","Fairy",480,60,67,85,77,75,116
"663",548,"Petilil","Grass",NA,280,45,35,50,70,50,30
"664",549,"Lilligant","Grass",NA,480,70,60,75,110,75,90
"665",549,"Lilligant Hisuian Lilligant","Grass","Fighting",480,70,105,75,50,75,105
"666",550,"Basculin Red-Striped Form","Water",NA,460,70,92,65,80,55,98
"667",550,"Basculin Blue-Striped Form","Water",NA,460,70,92,65,80,55,98
"668",550,"Basculin White-Striped Form","Water",NA,460,70,92,65,80,55,98
"669",551,"Sandile","Ground","Dark",292,50,72,35,35,35,65
"670",552,"Krokorok","Ground","Dark",351,60,82,45,45,45,74
"671",553,"Krookodile","Ground","Dark",519,95,117,80,65,70,92
"672",554,"Darumaka","Fire",NA,315,70,90,45,15,45,50
"673",554,"Darumaka Galarian Darumaka","Ice",NA,315,70,90,45,15,45,50
"674",555,"Darmanitan Standard Mode","Fire",NA,480,105,140,55,30,55,95
"675",555,"Darmanitan Zen Mode","Fire","Psychic",540,105,30,105,140,105,55
"676",555,"Darmanitan Galarian Standard Mode","Ice",NA,480,105,140,55,30,55,95
"677",555,"Darmanitan Galarian Zen Mode","Ice","Fire",540,105,160,55,30,55,135
"678",556,"Maractus","Grass",NA,461,75,86,67,106,67,60
"679",557,"Dwebble","Bug","Rock",325,50,65,85,35,35,55
"680",558,"Crustle","Bug","Rock",485,70,105,125,65,75,45
"681",559,"Scraggy","Dark","Fighting",348,50,75,70,35,70,48
"682",560,"Scrafty","Dark","Fighting",488,65,90,115,45,115,58
"683",561,"Sigilyph","Psychic","Flying",490,72,58,80,103,80,97
"684",562,"Yamask","Ghost",NA,303,38,30,85,55,65,30
"685",562,"Yamask Galarian Yamask","Ground","Ghost",303,38,55,85,30,65,30
"686",563,"Cofagrigus","Ghost",NA,483,58,50,145,95,105,30
"687",564,"Tirtouga","Water","Rock",355,54,78,103,53,45,22
"688",565,"Carracosta","Water","Rock",495,74,108,133,83,65,32
"689",566,"Archen","Rock","Flying",401,55,112,45,74,45,70
"690",567,"Archeops","Rock","Flying",567,75,140,65,112,65,110
"691",568,"Trubbish","Poison",NA,329,50,50,62,40,62,65
"692",569,"Garbodor","Poison",NA,474,80,95,82,60,82,75
"693",570,"Zorua","Dark",NA,330,40,65,40,80,40,65
"694",570,"Zorua Hisuian Zorua","Normal","Ghost",330,35,60,40,85,40,70
"695",571,"Zoroark","Dark",NA,510,60,105,60,120,60,105
"696",571,"Zoroark Hisuian Zoroark","Normal","Ghost",510,60,105,60,120,60,105
"697",572,"Minccino","Normal",NA,300,55,50,40,40,40,75
"698",573,"Cinccino","Normal",NA,470,75,95,60,65,60,115
"699",574,"Gothita","Psychic",NA,290,45,30,50,55,65,45
"700",575,"Gothorita","Psychic",NA,390,60,45,70,75,85,55
"701",576,"Gothitelle","Psychic",NA,490,70,55,95,95,110,65
"702",577,"Solosis","Psychic",NA,290,45,30,40,105,50,20
"703",578,"Duosion","Psychic",NA,370,65,40,50,125,60,30
"704",579,"Reuniclus","Psychic",NA,490,110,65,75,125,85,30
"705",580,"Ducklett","Water","Flying",305,62,44,50,44,50,55
"706",581,"Swanna","Water","Flying",473,75,87,63,87,63,98
"707",582,"Vanillite","Ice",NA,305,36,50,50,65,60,44
"708",583,"Vanillish","Ice",NA,395,51,65,65,80,75,59
"709",584,"Vanilluxe","Ice",NA,535,71,95,85,110,95,79
"710",585,"Deerling","Normal","Grass",335,60,60,50,40,50,75
"711",586,"Sawsbuck","Normal","Grass",475,80,100,70,60,70,95
"712",587,"Emolga","Electric","Flying",428,55,75,60,75,60,103
"713",588,"Karrablast","Bug",NA,315,50,75,45,40,45,60
"714",589,"Escavalier","Bug","Steel",495,70,135,105,60,105,20
"715",590,"Foongus","Grass","Poison",294,69,55,45,55,55,15
"716",591,"Amoonguss","Grass","Poison",464,114,85,70,85,80,30
"717",592,"Frillish","Water","Ghost",335,55,40,50,65,85,40
"718",593,"Jellicent","Water","Ghost",480,100,60,70,85,105,60
"719",594,"Alomomola","Water",NA,470,165,75,80,40,45,65
"720",595,"Joltik","Bug","Electric",319,50,47,50,57,50,65
"721",596,"Galvantula","Bug","Electric",472,70,77,60,97,60,108
"722",597,"Ferroseed","Grass","Steel",305,44,50,91,24,86,10
"723",598,"Ferrothorn","Grass","Steel",489,74,94,131,54,116,20
"724",599,"Klink","Steel",NA,300,40,55,70,45,60,30
"725",600,"Klang","Steel",NA,440,60,80,95,70,85,50
"726",601,"Klinklang","Steel",NA,520,60,100,115,70,85,90
"727",602,"Tynamo","Electric",NA,275,35,55,40,45,40,60
"728",603,"Eelektrik","Electric",NA,405,65,85,70,75,70,40
"729",604,"Eelektross","Electric",NA,515,85,115,80,105,80,50
"730",605,"Elgyem","Psychic",NA,335,55,55,55,85,55,30
"731",606,"Beheeyem","Psychic",NA,485,75,75,75,125,95,40
"732",607,"Litwick","Ghost","Fire",275,50,30,55,65,55,20
"733",608,"Lampent","Ghost","Fire",370,60,40,60,95,60,55
"734",609,"Chandelure","Ghost","Fire",520,60,55,90,145,90,80
"735",610,"Axew","Dragon",NA,320,46,87,60,30,40,57
"736",611,"Fraxure","Dragon",NA,410,66,117,70,40,50,67
"737",612,"Haxorus","Dragon",NA,540,76,147,90,60,70,97
"738",613,"Cubchoo","Ice",NA,305,55,70,40,60,40,40
"739",614,"Beartic","Ice",NA,505,95,130,80,70,80,50
"740",615,"Cryogonal","Ice",NA,515,80,50,50,95,135,105
"741",616,"Shelmet","Bug",NA,305,50,40,85,40,65,25
"742",617,"Accelgor","Bug",NA,495,80,70,40,100,60,145
"743",618,"Stunfisk","Ground","Electric",471,109,66,84,81,99,32
"744",618,"Stunfisk Galarian Stunfisk","Ground","Steel",471,109,81,99,66,84,32
"745",619,"Mienfoo","Fighting",NA,350,45,85,50,55,50,65
"746",620,"Mienshao","Fighting",NA,510,65,125,60,95,60,105
"747",621,"Druddigon","Dragon",NA,485,77,120,90,60,90,48
"748",622,"Golett","Ground","Ghost",303,59,74,50,35,50,35
"749",623,"Golurk","Ground","Ghost",483,89,124,80,55,80,55
"750",624,"Pawniard","Dark","Steel",340,45,85,70,40,40,60
"751",625,"Bisharp","Dark","Steel",490,65,125,100,60,70,70
"752",626,"Bouffalant","Normal",NA,490,95,110,95,40,95,55
"753",627,"Rufflet","Normal","Flying",350,70,83,50,37,50,60
"754",628,"Braviary","Normal","Flying",510,100,123,75,57,75,80
"755",628,"Braviary Hisuian Braviary","Psychic","Flying",510,110,83,70,112,70,65
"756",629,"Vullaby","Dark","Flying",370,70,55,75,45,65,60
"757",630,"Mandibuzz","Dark","Flying",510,110,65,105,55,95,80
"758",631,"Heatmor","Fire",NA,484,85,97,66,105,66,65
"759",632,"Durant","Bug","Steel",484,58,109,112,48,48,109
"760",633,"Deino","Dark","Dragon",300,52,65,50,45,50,38
"761",634,"Zweilous","Dark","Dragon",420,72,85,70,65,70,58
"762",635,"Hydreigon","Dark","Dragon",600,92,105,90,125,90,98
"763",636,"Larvesta","Bug","Fire",360,55,85,55,50,55,60
"764",637,"Volcarona","Bug","Fire",550,85,60,65,135,105,100
"765",638,"Cobalion","Steel","Fighting",580,91,90,129,90,72,108
"766",639,"Terrakion","Rock","Fighting",580,91,129,90,72,90,108
"767",640,"Virizion","Grass","Fighting",580,91,90,72,90,129,108
"768",641,"Tornadus Incarnate Forme","Flying",NA,580,79,115,70,125,80,111
"769",641,"Tornadus Therian Forme","Flying",NA,580,79,100,80,110,90,121
"770",642,"Thundurus Incarnate Forme","Electric","Flying",580,79,115,70,125,80,111
"771",642,"Thundurus Therian Forme","Electric","Flying",580,79,105,70,145,80,101
"772",643,"Reshiram","Dragon","Fire",680,100,120,100,150,120,90
"773",644,"Zekrom","Dragon","Electric",680,100,150,120,120,100,90
"774",645,"Landorus Incarnate Forme","Ground","Flying",600,89,125,90,115,80,101
"775",645,"Landorus Therian Forme","Ground","Flying",600,89,145,90,105,80,91
"776",646,"Kyurem","Dragon","Ice",660,125,130,90,130,90,95
"777",646,"Kyurem White Kyurem","Dragon","Ice",700,125,120,90,170,100,95
"778",646,"Kyurem Black Kyurem","Dragon","Ice",700,125,170,100,120,90,95
"779",647,"Keldeo Ordinary Form","Water","Fighting",580,91,72,90,129,90,108
"780",647,"Keldeo Resolute Form","Water","Fighting",580,91,72,90,129,90,108
"781",648,"Meloetta Aria Forme","Normal","Psychic",600,100,77,77,128,128,90
"782",648,"Meloetta Pirouette Forme","Normal","Fighting",600,100,128,90,77,77,128
"783",649,"Genesect","Bug","Steel",600,71,120,95,120,95,99
"784",650,"Chespin","Grass",NA,313,56,61,65,48,45,38
"785",651,"Quilladin","Grass",NA,405,61,78,95,56,58,57
"786",652,"Chesnaught","Grass","Fighting",530,88,107,122,74,75,64
"787",653,"Fennekin","Fire",NA,307,40,45,40,62,60,60
"788",654,"Braixen","Fire",NA,409,59,59,58,90,70,73
"789",655,"Delphox","Fire","Psychic",534,75,69,72,114,100,104
"790",656,"Froakie","Water",NA,314,41,56,40,62,44,71
"791",657,"Frogadier","Water",NA,405,54,63,52,83,56,97
"792",658,"Greninja","Water","Dark",530,72,95,67,103,71,122
"793",658,"Greninja Ash-Greninja","Water","Dark",640,72,145,67,153,71,132
"794",659,"Bunnelby","Normal",NA,237,38,36,38,32,36,57
"795",660,"Diggersby","Normal","Ground",423,85,56,77,50,77,78
"796",661,"Fletchling","Normal","Flying",278,45,50,43,40,38,62
"797",662,"Fletchinder","Fire","Flying",382,62,73,55,56,52,84
"798",663,"Talonflame","Fire","Flying",499,78,81,71,74,69,126
"799",664,"Scatterbug","Bug",NA,200,38,35,40,27,25,35
"800",665,"Spewpa","Bug",NA,213,45,22,60,27,30,29
"801",666,"Vivillon","Bug","Flying",411,80,52,50,90,50,89
"802",667,"Litleo","Fire","Normal",369,62,50,58,73,54,72
"803",668,"Pyroar","Fire","Normal",507,86,68,72,109,66,106
"804",669,"Flabébé","Fairy",NA,303,44,38,39,61,79,42
"805",670,"Floette","Fairy",NA,371,54,45,47,75,98,52
"806",671,"Florges","Fairy",NA,552,78,65,68,112,154,75
"807",672,"Skiddo","Grass",NA,350,66,65,48,62,57,52
"808",673,"Gogoat","Grass",NA,531,123,100,62,97,81,68
"809",674,"Pancham","Fighting",NA,348,67,82,62,46,48,43
"810",675,"Pangoro","Fighting","Dark",495,95,124,78,69,71,58
"811",676,"Furfrou","Normal",NA,472,75,80,60,65,90,102
"812",677,"Espurr","Psychic",NA,355,62,48,54,63,60,68
"813",678,"Meowstic Male","Psychic",NA,466,74,48,76,83,81,104
"814",678,"Meowstic Female","Psychic",NA,466,74,48,76,83,81,104
"815",679,"Honedge","Steel","Ghost",325,45,80,100,35,37,28
"816",680,"Doublade","Steel","Ghost",448,59,110,150,45,49,35
"817",681,"Aegislash Shield Forme","Steel","Ghost",500,60,50,140,50,140,60
"818",681,"Aegislash Blade Forme","Steel","Ghost",500,60,140,50,140,50,60
"819",682,"Spritzee","Fairy",NA,341,78,52,60,63,65,23
"820",683,"Aromatisse","Fairy",NA,462,101,72,72,99,89,29
"821",684,"Swirlix","Fairy",NA,341,62,48,66,59,57,49
"822",685,"Slurpuff","Fairy",NA,480,82,80,86,85,75,72
"823",686,"Inkay","Dark","Psychic",288,53,54,53,37,46,45
"824",687,"Malamar","Dark","Psychic",482,86,92,88,68,75,73
"825",688,"Binacle","Rock","Water",306,42,52,67,39,56,50
"826",689,"Barbaracle","Rock","Water",500,72,105,115,54,86,68
"827",690,"Skrelp","Poison","Water",320,50,60,60,60,60,30
"828",691,"Dragalge","Poison","Dragon",494,65,75,90,97,123,44
"829",692,"Clauncher","Water",NA,330,50,53,62,58,63,44
"830",693,"Clawitzer","Water",NA,500,71,73,88,120,89,59
"831",694,"Helioptile","Electric","Normal",289,44,38,33,61,43,70
"832",695,"Heliolisk","Electric","Normal",481,62,55,52,109,94,109
"833",696,"Tyrunt","Rock","Dragon",362,58,89,77,45,45,48
"834",697,"Tyrantrum","Rock","Dragon",521,82,121,119,69,59,71
"835",698,"Amaura","Rock","Ice",362,77,59,50,67,63,46
"836",699,"Aurorus","Rock","Ice",521,123,77,72,99,92,58
"837",700,"Sylveon","Fairy",NA,525,95,65,65,110,130,60
"838",701,"Hawlucha","Fighting","Flying",500,78,92,75,74,63,118
"839",702,"Dedenne","Electric","Fairy",431,67,58,57,81,67,101
"840",703,"Carbink","Rock","Fairy",500,50,50,150,50,150,50
"841",704,"Goomy","Dragon",NA,300,45,50,35,55,75,40
"842",705,"Sliggoo","Dragon",NA,452,68,75,53,83,113,60
"843",705,"Sliggoo Hisuian Sliggoo","Steel","Dragon",452,58,75,83,83,113,40
"844",706,"Goodra","Dragon",NA,600,90,100,70,110,150,80
"845",706,"Goodra Hisuian Goodra","Steel","Dragon",600,80,100,100,110,150,60
"846",707,"Klefki","Steel","Fairy",470,57,80,91,80,87,75
"847",708,"Phantump","Ghost","Grass",309,43,70,48,50,60,38
"848",709,"Trevenant","Ghost","Grass",474,85,110,76,65,82,56
"849",710,"Pumpkaboo Average Size","Ghost","Grass",335,49,66,70,44,55,51
"850",710,"Pumpkaboo Small Size","Ghost","Grass",335,44,66,70,44,55,56
"851",710,"Pumpkaboo Large Size","Ghost","Grass",335,54,66,70,44,55,46
"852",710,"Pumpkaboo Super Size","Ghost","Grass",335,59,66,70,44,55,41
"853",711,"Gourgeist Average Size","Ghost","Grass",494,65,90,122,58,75,84
"854",711,"Gourgeist Small Size","Ghost","Grass",494,55,85,122,58,75,99
"855",711,"Gourgeist Large Size","Ghost","Grass",494,75,95,122,58,75,69
"856",711,"Gourgeist Super Size","Ghost","Grass",494,85,100,122,58,75,54
"857",712,"Bergmite","Ice",NA,304,55,69,85,32,35,28
"858",713,"Avalugg","Ice",NA,514,95,117,184,44,46,28
"859",713,"Avalugg Hisuian Avalugg","Ice","Rock",514,95,127,184,34,36,38
"860",714,"Noibat","Flying","Dragon",245,40,30,35,45,40,55
"861",715,"Noivern","Flying","Dragon",535,85,70,80,97,80,123
"862",716,"Xerneas","Fairy",NA,680,126,131,95,131,98,99
"863",717,"Yveltal","Dark","Flying",680,126,131,95,131,98,99
"864",718,"Zygarde50% Forme","Dragon","Ground",600,108,100,121,81,95,95
"865",718,"Zygarde10% Forme","Dragon","Ground",486,54,100,71,61,85,115
"866",718,"Zygarde Complete Forme","Dragon","Ground",708,216,100,121,91,95,85
"867",719,"Diancie","Rock","Fairy",600,50,100,150,100,150,50
"868",719,"Diancie Mega Diancie","Rock","Fairy",700,50,160,110,160,110,110
"869",720,"Hoopa Hoopa Confined","Psychic","Ghost",600,80,110,60,150,130,70
"870",720,"Hoopa Hoopa Unbound","Psychic","Dark",680,80,160,60,170,130,80
"871",721,"Volcanion","Fire","Water",600,80,110,120,130,90,70
"872",722,"Rowlet","Grass","Flying",320,68,55,55,50,50,42
"873",723,"Dartrix","Grass","Flying",420,78,75,75,70,70,52
"874",724,"Decidueye","Grass","Ghost",530,78,107,75,100,100,70
"875",724,"Decidueye Hisuian Decidueye","Grass","Fighting",530,88,112,80,95,95,60
"876",725,"Litten","Fire",NA,320,45,65,40,60,40,70
"877",726,"Torracat","Fire",NA,420,65,85,50,80,50,90
"878",727,"Incineroar","Fire","Dark",530,95,115,90,80,90,60
"879",728,"Popplio","Water",NA,320,50,54,54,66,56,40
"880",729,"Brionne","Water",NA,420,60,69,69,91,81,50
"881",730,"Primarina","Water","Fairy",530,80,74,74,126,116,60
"882",731,"Pikipek","Normal","Flying",265,35,75,30,30,30,65
"883",732,"Trumbeak","Normal","Flying",355,55,85,50,40,50,75
"884",733,"Toucannon","Normal","Flying",485,80,120,75,75,75,60
"885",734,"Yungoos","Normal",NA,253,48,70,30,30,30,45
"886",735,"Gumshoos","Normal",NA,418,88,110,60,55,60,45
"887",736,"Grubbin","Bug",NA,300,47,62,45,55,45,46
"888",737,"Charjabug","Bug","Electric",400,57,82,95,55,75,36
"889",738,"Vikavolt","Bug","Electric",500,77,70,90,145,75,43
"890",739,"Crabrawler","Fighting",NA,338,47,82,57,42,47,63
"891",740,"Crabominable","Fighting","Ice",478,97,132,77,62,67,43
"892",741,"Oricorio Baile Style","Fire","Flying",476,75,70,70,98,70,93
"893",741,"Oricorio Pom-Pom Style","Electric","Flying",476,75,70,70,98,70,93
"894",741,"Oricorio Pa'u Style","Psychic","Flying",476,75,70,70,98,70,93
"895",741,"Oricorio Sensu Style","Ghost","Flying",476,75,70,70,98,70,93
"896",742,"Cutiefly","Bug","Fairy",304,40,45,40,55,40,84
"897",743,"Ribombee","Bug","Fairy",464,60,55,60,95,70,124
"898",744,"Rockruff","Rock",NA,280,45,65,40,30,40,60
"899",744,"Rockruff Own Tempo Rockruff","Rock",NA,280,45,65,40,30,40,60
"900",745,"Lycanroc Midday Form","Rock",NA,487,75,115,65,55,65,112
"901",745,"Lycanroc Midnight Form","Rock",NA,487,85,115,75,55,75,82
"902",745,"Lycanroc Dusk Form","Rock",NA,487,75,117,65,55,65,110
"903",746,"Wishiwashi Solo Form","Water",NA,175,45,20,20,25,25,40
"904",746,"Wishiwashi School Form","Water",NA,620,45,140,130,140,135,30
"905",747,"Mareanie","Poison","Water",305,50,53,62,43,52,45
"906",748,"Toxapex","Poison","Water",495,50,63,152,53,142,35
"907",749,"Mudbray","Ground",NA,385,70,100,70,45,55,45
"908",750,"Mudsdale","Ground",NA,500,100,125,100,55,85,35
"909",751,"Dewpider","Water","Bug",269,38,40,52,40,72,27
"910",752,"Araquanid","Water","Bug",454,68,70,92,50,132,42
"911",753,"Fomantis","Grass",NA,250,40,55,35,50,35,35
"912",754,"Lurantis","Grass",NA,480,70,105,90,80,90,45
"913",755,"Morelull","Grass","Fairy",285,40,35,55,65,75,15
"914",756,"Shiinotic","Grass","Fairy",405,60,45,80,90,100,30
"915",757,"Salandit","Poison","Fire",320,48,44,40,71,40,77
"916",758,"Salazzle","Poison","Fire",480,68,64,60,111,60,117
"917",759,"Stufful","Normal","Fighting",340,70,75,50,45,50,50
"918",760,"Bewear","Normal","Fighting",500,120,125,80,55,60,60
"919",761,"Bounsweet","Grass",NA,210,42,30,38,30,38,32
"920",762,"Steenee","Grass",NA,290,52,40,48,40,48,62
"921",763,"Tsareena","Grass",NA,510,72,120,98,50,98,72
"922",764,"Comfey","Fairy",NA,485,51,52,90,82,110,100
"923",765,"Oranguru","Normal","Psychic",490,90,60,80,90,110,60
"924",766,"Passimian","Fighting",NA,490,100,120,90,40,60,80
"925",767,"Wimpod","Bug","Water",230,25,35,40,20,30,80
"926",768,"Golisopod","Bug","Water",530,75,125,140,60,90,40
"927",769,"Sandygast","Ghost","Ground",320,55,55,80,70,45,15
"928",770,"Palossand","Ghost","Ground",480,85,75,110,100,75,35
"929",771,"Pyukumuku","Water",NA,410,55,60,130,30,130,5
"930",772,"Type: Null","Normal",NA,534,95,95,95,95,95,59
"931",773,"Silvally","Normal",NA,570,95,95,95,95,95,95
"932",774,"Minior Meteor Form","Rock","Flying",440,60,60,100,60,100,60
"933",774,"Minior Core Form","Rock","Flying",500,60,100,60,100,60,120
"934",775,"Komala","Normal",NA,480,65,115,65,75,95,65
"935",776,"Turtonator","Fire","Dragon",485,60,78,135,91,85,36
"936",777,"Togedemaru","Electric","Steel",435,65,98,63,40,73,96
"937",778,"Mimikyu","Ghost","Fairy",476,55,90,80,50,105,96
"938",779,"Bruxish","Water","Psychic",475,68,105,70,70,70,92
"939",780,"Drampa","Normal","Dragon",485,78,60,85,135,91,36
"940",781,"Dhelmise","Ghost","Grass",517,70,131,100,86,90,40
"941",782,"Jangmo-o","Dragon",NA,300,45,55,65,45,45,45
"942",783,"Hakamo-o","Dragon","Fighting",420,55,75,90,65,70,65
"943",784,"Kommo-o","Dragon","Fighting",600,75,110,125,100,105,85
"944",785,"Tapu Koko","Electric","Fairy",570,70,115,85,95,75,130
"945",786,"Tapu Lele","Psychic","Fairy",570,70,85,75,130,115,95
"946",787,"Tapu Bulu","Grass","Fairy",570,70,130,115,85,95,75
"947",788,"Tapu Fini","Water","Fairy",570,70,75,115,95,130,85
"948",789,"Cosmog","Psychic",NA,200,43,29,31,29,31,37
"949",790,"Cosmoem","Psychic",NA,400,43,29,131,29,131,37
"950",791,"Solgaleo","Psychic","Steel",680,137,137,107,113,89,97
"951",792,"Lunala","Psychic","Ghost",680,137,113,89,137,107,97
"952",793,"Nihilego","Rock","Poison",570,109,53,47,127,131,103
"953",794,"Buzzwole","Bug","Fighting",570,107,139,139,53,53,79
"954",795,"Pheromosa","Bug","Fighting",570,71,137,37,137,37,151
"955",796,"Xurkitree","Electric",NA,570,83,89,71,173,71,83
"956",797,"Celesteela","Steel","Flying",570,97,101,103,107,101,61
"957",798,"Kartana","Grass","Steel",570,59,181,131,59,31,109
"958",799,"Guzzlord","Dark","Dragon",570,223,101,53,97,53,43
"959",800,"Necrozma","Psychic",NA,600,97,107,101,127,89,79
"960",800,"Necrozma Dusk Mane Necrozma","Psychic","Steel",680,97,157,127,113,109,77
"961",800,"Necrozma Dawn Wings Necrozma","Psychic","Ghost",680,97,113,109,157,127,77
"962",800,"Necrozma Ultra Necrozma","Psychic","Dragon",754,97,167,97,167,97,129
"963",801,"Magearna","Steel","Fairy",600,80,95,115,130,115,65
"964",802,"Marshadow","Fighting","Ghost",600,90,125,80,90,90,125
"965",803,"Poipole","Poison",NA,420,67,73,67,73,67,73
"966",804,"Naganadel","Poison","Dragon",540,73,73,73,127,73,121
"967",805,"Stakataka","Rock","Steel",570,61,131,211,53,101,13
"968",806,"Blacephalon","Fire","Ghost",570,53,127,53,151,79,107
"969",807,"Zeraora","Electric",NA,600,88,112,75,102,80,143
"970",808,"Meltan","Steel",NA,300,46,65,65,55,35,34
"971",809,"Melmetal","Steel",NA,600,135,143,143,80,65,34
"972",810,"Grookey","Grass",NA,310,50,65,50,40,40,65
"973",811,"Thwackey","Grass",NA,420,70,85,70,55,60,80
"974",812,"Rillaboom","Grass",NA,530,100,125,90,60,70,85
"975",813,"Scorbunny","Fire",NA,310,50,71,40,40,40,69
"976",814,"Raboot","Fire",NA,420,65,86,60,55,60,94
"977",815,"Cinderace","Fire",NA,530,80,116,75,65,75,119
"978",816,"Sobble","Water",NA,310,50,40,40,70,40,70
"979",817,"Drizzile","Water",NA,420,65,60,55,95,55,90
"980",818,"Inteleon","Water",NA,530,70,85,65,125,65,120
"981",819,"Skwovet","Normal",NA,275,70,55,55,35,35,25
"982",820,"Greedent","Normal",NA,460,120,95,95,55,75,20
"983",821,"Rookidee","Flying",NA,245,38,47,35,33,35,57
"984",822,"Corvisquire","Flying",NA,365,68,67,55,43,55,77
"985",823,"Corviknight","Flying","Steel",495,98,87,105,53,85,67
"986",824,"Blipbug","Bug",NA,180,25,20,20,25,45,45
"987",825,"Dottler","Bug","Psychic",335,50,35,80,50,90,30
"988",826,"Orbeetle","Bug","Psychic",505,60,45,110,80,120,90
"989",827,"Nickit","Dark",NA,245,40,28,28,47,52,50
"990",828,"Thievul","Dark",NA,455,70,58,58,87,92,90
"991",829,"Gossifleur","Grass",NA,250,40,40,60,40,60,10
"992",830,"Eldegoss","Grass",NA,460,60,50,90,80,120,60
"993",831,"Wooloo","Normal",NA,270,42,40,55,40,45,48
"994",832,"Dubwool","Normal",NA,490,72,80,100,60,90,88
"995",833,"Chewtle","Water",NA,284,50,64,50,38,38,44
"996",834,"Drednaw","Water","Rock",485,90,115,90,48,68,74
"997",835,"Yamper","Electric",NA,270,59,45,50,40,50,26
"998",836,"Boltund","Electric",NA,490,69,90,60,90,60,121
"999",837,"Rolycoly","Rock",NA,240,30,40,50,40,50,30
"1000",838,"Carkol","Rock","Fire",410,80,60,90,60,70,50
"1001",839,"Coalossal","Rock","Fire",510,110,80,120,80,90,30
"1002",840,"Applin","Grass","Dragon",260,40,40,80,40,40,20
"1003",841,"Flapple","Grass","Dragon",485,70,110,80,95,60,70
"1004",842,"Appletun","Grass","Dragon",485,110,85,80,100,80,30
"1005",843,"Silicobra","Ground",NA,315,52,57,75,35,50,46
"1006",844,"Sandaconda","Ground",NA,510,72,107,125,65,70,71
"1007",845,"Cramorant","Flying","Water",475,70,85,55,85,95,85
"1008",846,"Arrokuda","Water",NA,280,41,63,40,40,30,66
"1009",847,"Barraskewda","Water",NA,490,61,123,60,60,50,136
"1010",848,"Toxel","Electric","Poison",242,40,38,35,54,35,40
"1011",849,"Toxtricity Amped Form","Electric","Poison",502,75,98,70,114,70,75
"1012",849,"Toxtricity Low Key Form","Electric","Poison",502,75,98,70,114,70,75
"1013",850,"Sizzlipede","Fire","Bug",305,50,65,45,50,50,45
"1014",851,"Centiskorch","Fire","Bug",525,100,115,65,90,90,65
"1015",852,"Clobbopus","Fighting",NA,310,50,68,60,50,50,32
"1016",853,"Grapploct","Fighting",NA,480,80,118,90,70,80,42
"1017",854,"Sinistea","Ghost",NA,308,40,45,45,74,54,50
"1018",855,"Polteageist","Ghost",NA,508,60,65,65,134,114,70
"1019",856,"Hatenna","Psychic",NA,265,42,30,45,56,53,39
"1020",857,"Hattrem","Psychic",NA,370,57,40,65,86,73,49
"1021",858,"Hatterene","Psychic","Fairy",510,57,90,95,136,103,29
"1022",859,"Impidimp","Dark","Fairy",265,45,45,30,55,40,50
"1023",860,"Morgrem","Dark","Fairy",370,65,60,45,75,55,70
"1024",861,"Grimmsnarl","Dark","Fairy",510,95,120,65,95,75,60
"1025",862,"Obstagoon","Dark","Normal",520,93,90,101,60,81,95
"1026",863,"Perrserker","Steel",NA,440,70,110,100,50,60,50
"1027",864,"Cursola","Ghost",NA,510,60,95,50,145,130,30
"1028",865,"Sirfetch'd","Fighting",NA,507,62,135,95,68,82,65
"1029",866,"Mr. Rime","Ice","Psychic",520,80,85,75,110,100,70
"1030",867,"Runerigus","Ground","Ghost",483,58,95,145,50,105,30
"1031",868,"Milcery","Fairy",NA,270,45,40,40,50,61,34
"1032",869,"Alcremie","Fairy",NA,495,65,60,75,110,121,64
"1033",870,"Falinks","Fighting",NA,470,65,100,100,70,60,75
"1034",871,"Pincurchin","Electric",NA,435,48,101,95,91,85,15
"1035",872,"Snom","Ice","Bug",185,30,25,35,45,30,20
"1036",873,"Frosmoth","Ice","Bug",475,70,65,60,125,90,65
"1037",874,"Stonjourner","Rock",NA,470,100,125,135,20,20,70
"1038",875,"Eiscue Ice Face","Ice",NA,470,75,80,110,65,90,50
"1039",875,"Eiscue Noice Face","Ice",NA,470,75,80,70,65,50,130
"1040",876,"Indeedee Male","Psychic","Normal",475,60,65,55,105,95,95
"1041",876,"Indeedee Female","Psychic","Normal",475,70,55,65,95,105,85
"1042",877,"Morpeko Full Belly Mode","Electric","Dark",436,58,95,58,70,58,97
"1043",877,"Morpeko Hangry Mode","Electric","Dark",436,58,95,58,70,58,97
"1044",878,"Cufant","Steel",NA,330,72,80,49,40,49,40
"1045",879,"Copperajah","Steel",NA,500,122,130,69,80,69,30
"1046",880,"Dracozolt","Electric","Dragon",505,90,100,90,80,70,75
"1047",881,"Arctozolt","Electric","Ice",505,90,100,90,90,80,55
"1048",882,"Dracovish","Water","Dragon",505,90,90,100,70,80,75
"1049",883,"Arctovish","Water","Ice",505,90,90,100,80,90,55
"1050",884,"Duraludon","Steel","Dragon",535,70,95,115,120,50,85
"1051",885,"Dreepy","Dragon","Ghost",270,28,60,30,40,30,82
"1052",886,"Drakloak","Dragon","Ghost",410,68,80,50,60,50,102
"1053",887,"Dragapult","Dragon","Ghost",600,88,120,75,100,75,142
"1054",888,"Zacian Hero of Many Battles","Fairy",NA,660,92,120,115,80,115,138
"1055",888,"Zacian Crowned Sword","Fairy","Steel",700,92,150,115,80,115,148
"1056",889,"Zamazenta Hero of Many Battles","Fighting",NA,660,92,120,115,80,115,138
"1057",889,"Zamazenta Crowned Shield","Fighting","Steel",700,92,120,140,80,140,128
"1058",890,"Eternatus","Poison","Dragon",690,140,85,95,145,95,130
"1059",890,"Eternatus Eternamax","Poison","Dragon",1125,255,115,250,125,250,130
"1060",891,"Kubfu","Fighting",NA,385,60,90,60,53,50,72
"1061",892,"Urshifu Single Strike Style","Fighting","Dark",550,100,130,100,63,60,97
"1062",892,"Urshifu Rapid Strike Style","Fighting","Water",550,100,130,100,63,60,97
"1063",893,"Zarude","Dark","Grass",600,105,120,105,70,95,105
"1064",894,"Regieleki","Electric",NA,580,80,100,50,100,50,200
"1065",895,"Regidrago","Dragon",NA,580,200,100,50,100,50,80
"1066",896,"Glastrier","Ice",NA,580,100,145,130,65,110,30
"1067",897,"Spectrier","Ghost",NA,580,100,65,60,145,80,130
"1068",898,"Calyrex","Psychic","Grass",500,100,80,80,80,80,80
"1069",898,"Calyrex Ice Rider","Psychic","Ice",680,100,165,150,85,130,50
"1070",898,"Calyrex Shadow Rider","Psychic","Ghost",680,100,85,80,165,100,150
"1071",899,"Wyrdeer","Normal","Psychic",525,103,105,72,105,75,65
"1072",900,"Kleavor","Bug","Rock",500,70,130,95,45,75,85
"1073",901,"Ursaluna","Ground","Normal",550,130,140,105,45,80,50
"1074",902,"Basculegion Male","Water","Ghost",530,120,112,65,80,75,78
"1075",902,"Basculegion Female","Water","Ghost",530,120,92,65,100,75,78
"1076",903,"Sneasler","Fighting","Poison",510,80,130,60,40,80,120
"1077",904,"Overqwil","Dark","Poison",510,85,115,95,65,65,85
"1078",905,"Enamorus Incarnate Forme","Fairy","Flying",580,74,115,70,135,80,106
"1079",905,"Enamorus Therian Forme","Fairy","Flying",580,74,115,110,135,100,46
"1080",906,"Sprigatito","Grass",NA,310,40,61,54,45,45,65
"1081",907,"Floragato","Grass",NA,410,61,80,63,60,63,83
"1082",908,"Meowscarada","Grass","Dark",530,76,110,70,81,70,123
"1083",909,"Fuecoco","Fire",NA,310,67,45,59,63,40,36
"1084",910,"Crocalor","Fire",NA,411,81,55,78,90,58,49
"1085",911,"Skeledirge","Fire","Ghost",530,104,75,100,110,75,66
"1086",912,"Quaxly","Water",NA,310,55,65,45,50,45,50
"1087",913,"Quaxwell","Water",NA,410,70,85,65,65,60,65
"1088",914,"Quaquaval","Water","Fighting",530,85,120,80,85,75,85
"1089",915,"Lechonk","Normal",NA,254,54,45,40,35,45,35
"1090",916,"Oinkologne Male","Normal",NA,489,110,100,75,59,80,65
"1091",916,"Oinkologne Female","Normal",NA,489,115,90,70,59,90,65
"1092",917,"Tarountula","Bug",NA,210,35,41,45,29,40,20
"1093",918,"Spidops","Bug",NA,404,60,79,92,52,86,35
"1094",919,"Nymble","Bug",NA,210,33,46,40,21,25,45
"1095",920,"Lokix","Bug","Dark",450,71,102,78,52,55,92
"1096",921,"Pawmi","Electric",NA,240,45,50,20,40,25,60
"1097",922,"Pawmo","Electric","Fighting",350,60,75,40,50,40,85
"1098",923,"Pawmot","Electric","Fighting",490,70,115,70,70,60,105
"1099",924,"Tandemaus","Normal",NA,305,50,50,45,40,45,75
"1100",925,"Maushold Family of Four","Normal",NA,470,74,75,70,65,75,111
"1101",925,"Maushold Family of Three","Normal",NA,470,74,75,70,65,75,111
"1102",926,"Fidough","Fairy",NA,312,37,55,70,30,55,65
"1103",927,"Dachsbun","Fairy",NA,477,57,80,115,50,80,95
"1104",928,"Smoliv","Grass","Normal",260,41,35,45,58,51,30
"1105",929,"Dolliv","Grass","Normal",354,52,53,60,78,78,33
"1106",930,"Arboliva","Grass","Normal",510,78,69,90,125,109,39
"1107",931,"Squawkabilly Green Plumage","Normal","Flying",417,82,96,51,45,51,92
"1108",931,"Squawkabilly Blue Plumage","Normal","Flying",417,82,96,51,45,51,92
"1109",931,"Squawkabilly Yellow Plumage","Normal","Flying",417,82,96,51,45,51,92
"1110",931,"Squawkabilly White Plumage","Normal","Flying",417,82,96,51,45,51,92
"1111",932,"Nacli","Rock",NA,280,55,55,75,35,35,25
"1112",933,"Naclstack","Rock",NA,355,60,60,100,35,65,35
"1113",934,"Garganacl","Rock",NA,500,100,100,130,45,90,35
"1114",935,"Charcadet","Fire",NA,255,40,50,40,50,40,35
"1115",936,"Armarouge","Fire","Psychic",525,85,60,100,125,80,75
"1116",937,"Ceruledge","Fire","Ghost",525,75,125,80,60,100,85
"1117",938,"Tadbulb","Electric",NA,272,61,31,41,59,35,45
"1118",939,"Bellibolt","Electric",NA,495,109,64,91,103,83,45
"1119",940,"Wattrel","Electric","Flying",280,40,40,35,55,40,70
"1120",941,"Kilowattrel","Electric","Flying",490,70,70,60,105,60,125
"1121",942,"Maschiff","Dark",NA,340,60,78,60,40,51,51
"1122",943,"Mabosstiff","Dark",NA,505,80,120,90,60,70,85
"1123",944,"Shroodle","Poison","Normal",290,40,65,35,40,35,75
"1124",945,"Grafaiai","Poison","Normal",485,63,95,65,80,72,110
"1125",946,"Bramblin","Grass","Ghost",275,40,65,30,45,35,60
"1126",947,"Brambleghast","Grass","Ghost",480,55,115,70,80,70,90
"1127",948,"Toedscool","Ground","Grass",335,40,40,35,50,100,70
"1128",949,"Toedscruel","Ground","Grass",515,80,70,65,80,120,100
"1129",950,"Klawf","Rock",NA,450,70,100,115,35,55,75
"1130",951,"Capsakid","Grass",NA,304,50,62,40,62,40,50
"1131",952,"Scovillain","Grass","Fire",486,65,108,65,108,65,75
"1132",953,"Rellor","Bug",NA,270,41,50,60,31,58,30
"1133",954,"Rabsca","Bug","Psychic",470,75,50,85,115,100,45
"1134",955,"Flittle","Psychic",NA,255,30,35,30,55,30,75
"1135",956,"Espathra","Psychic",NA,481,95,60,60,101,60,105
"1136",957,"Tinkatink","Fairy","Steel",297,50,45,45,35,64,58
"1137",958,"Tinkatuff","Fairy","Steel",380,65,55,55,45,82,78
"1138",959,"Tinkaton","Fairy","Steel",506,85,75,77,70,105,94
"1139",960,"Wiglett","Water",NA,245,10,55,25,35,25,95
"1140",961,"Wugtrio","Water",NA,425,35,100,50,50,70,120
"1141",962,"Bombirdier","Flying","Dark",485,70,103,85,60,85,82
"1142",963,"Finizen","Water",NA,315,70,45,40,45,40,75
"1143",964,"Palafin Zero Form","Water",NA,457,100,70,72,53,62,100
"1144",964,"Palafin Hero Form","Water",NA,650,100,160,97,106,87,100
"1145",965,"Varoom","Steel","Poison",300,45,70,63,30,45,47
"1146",966,"Revavroom","Steel","Poison",500,80,119,90,54,67,90
"1147",967,"Cyclizar","Dragon","Normal",501,70,95,65,85,65,121
"1148",968,"Orthworm","Steel",NA,480,70,85,145,60,55,65
"1149",969,"Glimmet","Rock","Poison",350,48,35,42,105,60,60
"1150",970,"Glimmora","Rock","Poison",525,83,55,90,130,81,86
"1151",971,"Greavard","Ghost",NA,290,50,61,60,30,55,34
"1152",972,"Houndstone","Ghost",NA,488,72,101,100,50,97,68
"1153",973,"Flamigo","Flying","Fighting",500,82,115,74,75,64,90
"1154",974,"Cetoddle","Ice",NA,334,108,68,45,30,40,43
"1155",975,"Cetitan","Ice",NA,521,170,113,65,45,55,73
"1156",976,"Veluza","Water","Psychic",478,90,102,73,78,65,70
"1157",977,"Dondozo","Water",NA,530,150,100,115,65,65,35
"1158",978,"Tatsugiri Curly Form","Dragon","Water",475,68,50,60,120,95,82
"1159",978,"Tatsugiri Droopy Form","Dragon","Water",475,68,50,60,120,95,82
"1160",978,"Tatsugiri Stretchy Form","Dragon","Water",475,68,50,60,120,95,82
"1161",979,"Annihilape","Fighting","Ghost",535,110,115,80,50,90,90
"1162",980,"Clodsire","Poison","Ground",430,130,75,60,45,100,20
"1163",981,"Farigiraf","Normal","Psychic",520,120,90,70,110,70,60
"1164",982,"Dudunsparce Two-Segment Form","Normal",NA,520,125,100,80,85,75,55
"1165",982,"Dudunsparce Three-Segment Form","Normal",NA,520,125,100,80,85,75,55
"1166",983,"Kingambit","Dark","Steel",550,100,135,120,60,85,50
"1167",984,"Great Tusk","Ground","Fighting",570,115,131,131,53,53,87
"1168",985,"Scream Tail","Fairy","Psychic",570,115,65,99,65,115,111
"1169",986,"Brute Bonnet","Grass","Dark",570,111,127,99,79,99,55
"1170",987,"Flutter Mane","Ghost","Fairy",570,55,55,55,135,135,135
"1171",988,"Slither Wing","Bug","Fighting",570,85,135,79,85,105,81
"1172",989,"Sandy Shocks","Electric","Ground",570,85,81,97,121,85,101
"1173",990,"Iron Treads","Ground","Steel",570,90,112,120,72,70,106
"1174",991,"Iron Bundle","Ice","Water",570,56,80,114,124,60,136
"1175",992,"Iron Hands","Fighting","Electric",570,154,140,108,50,68,50
"1176",993,"Iron Jugulis","Dark","Flying",570,94,80,86,122,80,108
"1177",994,"Iron Moth","Fire","Poison",570,80,70,60,140,110,110
"1178",995,"Iron Thorns","Rock","Electric",570,100,134,110,70,84,72
"1179",996,"Frigibax","Dragon","Ice",320,65,75,45,35,45,55
"1180",997,"Arctibax","Dragon","Ice",423,90,95,66,45,65,62
"1181",998,"Baxcalibur","Dragon","Ice",600,115,145,92,75,86,87
"1182",999,"Gimmighoul Chest Form","Ghost",NA,300,45,30,70,75,70,10
"1183",999,"Gimmighoul Roaming Form","Ghost",NA,300,45,30,25,75,45,80
"1184",1000,"Gholdengo","Steel","Ghost",550,87,60,95,133,91,84
"1185",1001,"Wo-Chien","Dark","Grass",570,85,85,100,95,135,70
"1186",1002,"Chien-Pao","Dark","Ice",570,80,120,80,90,65,135
"1187",1003,"Ting-Lu","Dark","Ground",570,155,110,125,55,80,45
"1188",1004,"Chi-Yu","Dark","Fire",570,55,80,80,135,120,100
"1189",1005,"Roaring Moon","Dragon","Dark",590,105,139,71,55,101,119
"1190",1006,"Iron Valiant","Fairy","Fighting",590,74,130,90,120,60,116
"1191",1007,"Koraidon","Fighting","Dragon",670,100,135,115,85,100,135
"1192",1008,"Miraidon","Electric","Dragon",670,100,85,100,135,115,135
"1193",1009,"Walking Wake","Water","Dragon",590,99,83,91,125,83,109
"1194",1010,"Iron Leaves","Grass","Psychic",590,90,130,88,70,108,104
