﻿index,Pokemon,Evolution
1,Bulbasaur,Ivysaur
4,Charmander,Charmeleon
7,Squirtle,Wartortle
10,Caterpie,Metapod
13,Weedle,Kakuna
16,Pidgey,Pidgeotto
19,Rattata,Raticate
21,Spearow,Fearow
23,Ekans,Arbok
25,Pikachu,Raichu
27,Sandshrew,Sandslash
29,Nidoran,Nidorina
32,Nidoran,Nidorino
35,Clefairy,Clefable
37,Vulpix,Ninetales
39,Jigglypuff,Wigglytuff
41,Zubat,Golbat
74,Geodude,Graveler
46,Paras,Parasect
50,Diglett,Dugtrio
52,Meowth,Persian
54,Psyduck,Golduck
56,Mankey,Primeape
58,Growlithe,Arcanine
60,Poliwag,Poliwhirl
63,Abra,Kadabra
66,Machop,Machoke
69,Bellsprout,Weepinbell
72,Tentacool,Tentacruel
77,Ponyta,Rapidash
79,Slowpoke,Slowbro
81,Magnemite,Magneton
83,Farfetch'd,N/A
84,Doduo,Dodrio
86,Seel,Dewgong
88,Grimer,Muk
90,Shellder,Cloyster
92,Gastly,Haunter
95,Onix,Steelix
152,Chikorita,Bayleef
155,Cyndaquil,Quilava
158,Totodile,Croconaw
161,Sentret,Furret
165,Ledyba,Ledian
167,Spinarak,Ariados
170,Chinchou,Lanturn
173,Cleffa,Clefairy
174,Igglybuff,Jigglypuff
175,Togepi,Togetic
177,Natu,Xatu
179,Mareep,Flaaffy
183,Marill,Azumarill
185,Sudowoodo,None
187,Hoppip,Skiploom
194,Wooper,Quagsire
252,Treecko,Grovyle
255,Torchic,Combusken
258,Mudkip,Marshtomp
261,Poochyena,Mightyena
263,Zigzagoon,Linoone
265,Wurmple,Silcoon/ Cascoon
268,Cascoon,Wurmple
273,Seedot,Nuzleaf
276,Taillow,Swellow
278,Wingull,Pelipper
280,Ralts,Kirlia
283,Surskit,Masquerain
285,Shroomish,Breloom
287,Slakoth,Vigoroth
290,Nincada,Ninjask/ Shedinja
293,Whismur,Loudred
296,Makuhita,Hariyama
298,Azurill,Marill
300,Skitty,Delcatty
304,Aron,Lairon
307,Meditite,Medicham
309,Electrike,Manectric
315,Roselia,Budew
318,Carvanha,Sharpedo
320,Wailmer,Wailord
322,Numel,Camerupt
325,Spoink,Grumpig
328,Trapinch,Vibrava
331,Cacnea,Cacturne
333,Swablu,Altaria
335,Zangoose,None
336,Seviper,None
339,Barboach,Whiscash
341,Corphish,Crawdaunt
343,Baltoy,Claydol
345,Lileep,Cradily
347,Anorith,Armaldo
349,Feebas,Milotic
387,Turtwig,Grotle
390,Chimchar,Monferno
393,Piplup,Prinplup
396,Starly,Staravia
399,Bidoof,Bibarel
401,Kricketot,Kricketune
403,Shinx,Luxio
406,Budew,Roserade
408,Cranidos,Rampardos
410,Shieldon,Bastiodon
412,Burmy,Wormadam
415,Combee,Vespiquen
417,Pachirisu,None
418,Buizel,Floatzel
420,Cherubi,Cherrim
425,Drifloon,Drifblim
427,Buneary,Lopunny
431,Glameow,Purugly
434,Stunky,Skuntank
436,Bronzor,Bronzong
439,Mime Jr.,Mr. Mime
441,Chatot,None
443,Gible,Gabite
446,Munchlax,Snorlax
447,Riolu,Lucario
451,Skorupi,Drapion
453,Croagunk,Toxicroak
456,Finneon,Lumineon
458,Mantyke,Mantine
459,Misdreavus,Mismagius
462,Magnezone,Magneton
464,Rhyperior,Rhydon
466,Electivire,Electabuzz
468,Togekiss,Togetic
473,Mamoswine,Swinub
475,Gallade,Kirlia
476,Probopass,Nosepass
478,Froslass,Snorunt
495,Snivy,Servine
498,Tepig,Pignite
501,Oshawott,Dewott
504,Patrat,Watchog
506,Lillipup,Herdier
509,Purrloin,Liepard
511,Yanmaask,Yanmega
513,Pansear,Simisear
515,Panpour,Simipour
517,Munna,Musharna
519,Pidove,Tranquill
522,Blitzle,Zebstrika
524,Roggenrola,Boldore
527,Woobat,Swoobat
529,Drilbur,Excadrill
532,Timburr,Gurdurr
535,Tympole,Palpitoad
541,Swadloon,Sewaddle
543,Venipede,Whirlipede
546,Cottonee,Whimsicott
548,Petilil,Lilligant
550,Basculin,None
551,Sandile,Krokorok
554,Darumaka,Darmanitan
557,Dwebble,Crustle
559,Scraggy,Scrafty
561,Sigilyph,None
562,Yamask,Cofagrigus
564,Tirtouga,Carracosta
566,Archen,Archeops
568,Trubbish,Garbodor
570,Zorua,Zoroark
572,Minccino,Cinccino
574,Gothita,Gothorita
577,Solosis,Duosion
580,Ducklett,Swanna
582,Vanillite,Vanillish